0 FILE Wooden bookshelf
0 Untitled Model
0 Name:  Wooden bookshelf
0 Author:  
1 88 -70.000000 -8.000000 -30.000000 1.000000 0.000000 0.000000 0.000000 1.000000 0.000000 0.000000 0.000000 1.000000 4073.dat
1 88 -70.000000 -8.000000 -10.000000 1.000000 0.000000 0.000000 0.000000 1.000000 0.000000 0.000000 0.000000 1.000000 4073.dat
1 88 30.000000 -8.000000 -30.000000 1.000000 0.000000 0.000000 0.000000 1.000000 0.000000 0.000000 0.000000 1.000000 4073.dat
1 88 30.000000 -8.000000 -10.000000 1.000000 0.000000 0.000000 0.000000 1.000000 0.000000 0.000000 0.000000 1.000000 4073.dat
0 STEP
1 88 -20.000000 -16.000000 -20.000000 1.000000 0.000000 0.000000 0.000000 1.000000 0.000000 0.000000 0.000000 1.000000 3795.dat
0 STEP
1 88 -70.000000 -40.000000 -30.000000 1.000000 0.000000 0.000000 0.000000 1.000000 0.000000 0.000000 0.000000 1.000000 4070.dat
1 88 30.000000 -40.000000 -30.000000 1.000000 0.000000 0.000000 0.000000 1.000000 0.000000 0.000000 0.000000 1.000000 4070.dat
1 88 -70.000000 -40.000000 -10.000000 1.000000 0.000000 0.000000 0.000000 1.000000 0.000000 0.000000 0.000000 1.000000 3005.dat
1 88 30.000000 -40.000000 -10.000000 1.000000 0.000000 0.000000 0.000000 1.000000 0.000000 0.000000 0.000000 1.000000 3005.dat
0 STEP
1 88 -70.000010 -64.000000 -20.000000 0.000000 0.000000 1.000000 0.000000 1.000000 0.000000 -1.000000 0.000000 0.000000 3004.dat
1 88 30.000000 -64.000000 -20.000000 0.000000 0.000000 1.000000 0.000000 1.000000 0.000000 -1.000000 0.000000 0.000000 3004.dat
0 STEP
1 88 -70.000010 -88.000000 -30.000000 1.000000 0.000000 0.000000 0.000000 1.000000 0.000000 0.000000 0.000000 1.000000 4070.dat
1 88 30.000000 -88.000000 -30.000000 1.000000 0.000000 0.000000 0.000000 1.000000 0.000000 0.000000 0.000000 1.000000 4070.dat
1 88 -70.000000 -88.000000 -10.000000 1.000000 0.000000 0.000000 0.000000 1.000000 0.000000 0.000000 0.000000 1.000000 3005.dat
1 88 30.000000 -88.000000 -10.000000 1.000000 0.000000 0.000000 0.000000 1.000000 0.000000 0.000000 0.000000 1.000000 3005.dat
0 STEP
1 88 -20.000020 -96.000000 -20.000030 1.000000 0.000000 0.000000 0.000000 1.000000 0.000000 0.000000 0.000000 1.000000 3795.dat
1 88 30.000000 -30.000000 -44.000000 -1.000000 0.000000 0.000000 0.000000 0.000000 1.000000 0.000000 1.000000 0.000000 4073.dat
1 88 30.000000 -78.000000 -43.999970 -1.000000 0.000000 0.000000 0.000000 0.000000 1.000000 0.000000 1.000000 0.000000 4073.dat
1 88 -70.000010 -78.000000 -44.000000 -1.000000 0.000000 0.000000 0.000000 0.000000 1.000000 0.000000 1.000000 0.000000 4073.dat
1 88 -70.000000 -30.000000 -44.000000 -1.000000 0.000000 0.000000 0.000000 0.000000 1.000000 0.000000 1.000000 0.000000 4073.dat
0 STEP
1 88 -70.000020 -120.000000 -20.000030 0.000000 0.000000 1.000000 0.000000 1.000000 0.000000 -1.000000 0.000000 0.000000 3004.dat
1 88 29.999990 -120.000000 -20.000000 0.000000 0.000000 1.000000 0.000000 1.000000 0.000000 -1.000000 0.000000 0.000000 3004.dat
0 STEP
1 88 -70.000020 -144.000000 -30.000000 1.000000 0.000000 0.000000 0.000000 1.000000 0.000000 0.000000 0.000000 1.000000 4070.dat
1 88 30.000000 -144.000000 -30.000000 1.000000 0.000000 0.000000 0.000000 1.000000 0.000000 0.000000 0.000000 1.000000 4070.dat
1 88 -70.000020 -144.000000 -10.000000 1.000000 0.000000 0.000000 0.000000 1.000000 0.000000 0.000000 0.000000 1.000000 3005.dat
1 88 29.999980 -144.000000 -10.000000 1.000000 0.000000 0.000000 0.000000 1.000000 0.000000 0.000000 0.000000 1.000000 3005.dat
0 STEP
1 88 -19.999980 -168.000000 -30.000010 0.000000 0.000000 1.000000 0.000000 1.000000 0.000000 -1.000000 0.000000 0.000000 62361.dat
1 88 -70.000020 -134.000000 -43.999980 -1.000000 0.000000 0.000000 0.000000 0.000000 1.000000 0.000000 1.000000 0.000000 4073.dat
1 88 30.000000 -134.000000 -43.999980 -1.000000 0.000000 0.000000 0.000000 0.000000 1.000000 0.000000 1.000000 0.000000 4073.dat
0 STEP
1 88 -20.000020 -152.000000 -10.000000 1.000000 0.000000 0.000000 0.000000 1.000000 0.000000 0.000000 0.000000 1.000000 3666.dat
0 STEP
1 88 -20.000020 -160.000000 -10.000000 1.000000 0.000000 0.000000 0.000000 1.000000 0.000000 0.000000 0.000000 1.000000 3710.dat
0 STEP
1 88 -20.000020 -168.000000 -10.000000 1.000000 0.000000 0.000000 0.000000 1.000000 0.000000 0.000000 0.000000 1.000000 3023.dat
0 STEP
1 88 -69.999980 -160.000000 -20.000030 0.000000 0.000000 1.000000 0.000000 1.000000 0.000000 -1.000000 0.000000 0.000000 3794b.dat
1 88 -49.999990 -168.000000 -20.000020 0.000000 0.000000 1.000000 0.000000 1.000000 0.000000 -1.000000 0.000000 0.000000 3794b.dat
1 88 10.000020 -168.000000 -20.000000 0.000000 0.000000 1.000000 0.000000 1.000000 0.000000 -1.000000 0.000000 0.000000 3794b.dat
1 88 29.999990 -160.000000 -20.000000 0.000000 0.000000 1.000000 0.000000 1.000000 0.000000 -1.000000 0.000000 0.000000 3794b.dat
0 STEP
1 88 -20.000020 -176.000000 -20.000000 1.000000 0.000000 0.000000 0.000000 1.000000 0.000000 0.000000 0.000000 1.000000 87580.dat
0 STEP
1 88 -69.999980 -168.000000 -20.000030 1.000000 0.000000 0.000000 0.000000 1.000000 0.000000 0.000000 0.000000 1.000000 3070b.dat
1 88 30.000000 -168.000000 -20.000000 1.000000 0.000000 0.000000 0.000000 1.000000 0.000000 0.000000 0.000000 1.000000 3070b.dat
1 88 -49.999980 -168.000000 -20.000020 0.000000 0.000000 1.000000 0.000000 1.000000 0.000000 -1.000000 0.000000 0.000000 54200.dat
1 88 10.000020 -168.000000 -20.000000 0.000000 0.000000 -1.000000 0.000000 1.000000 0.000000 1.000000 0.000000 0.000000 54200.dat
1 88 -20.000020 -184.000000 -20.000000 1.000000 0.000000 0.000000 0.000000 1.000000 0.000000 0.000000 0.000000 1.000000 3069b.dat
0 STEP
1 20 -50.000000 -64.000000 -30.000000 1.000000 0.000000 0.000000 0.000000 1.000000 0.000000 0.000000 0.000000 1.000000 95228.dat
1 12 -10.000020 -144.000000 -30.000030 1.000000 0.000000 0.000000 0.000000 1.000000 0.000000 0.000000 0.000000 1.000000 95228.dat
1 115 10.000000 -56.000000 -30.000000 1.000000 0.000000 0.000000 0.000000 1.000000 0.000000 0.000000 0.000000 1.000000 2343.dat
1 14 -10.000000 -40.000000 -30.000000 1.000000 0.000000 0.000000 0.000000 1.000000 0.000000 0.000000 0.000000 1.000000 3005.dat
1 18 -50.000020 -120.000000 -30.000030 1.000000 0.000000 0.000000 0.000000 1.000000 0.000000 0.000000 0.000000 1.000000 3005.dat
1 50 9.999985 -120.000000 -30.000030 1.000000 0.000000 0.000000 0.000000 1.000000 0.000000 0.000000 0.000000 1.000000 4589b.dat
0 STEP
1 95 -10.000000 -48.000000 -30.000000 1.000000 0.000000 0.000000 0.000000 1.000000 0.000000 0.000000 0.000000 1.000000 98138.dat
1 95 9.999985 -128.000000 -30.000030 1.000000 0.000000 0.000000 0.000000 1.000000 0.000000 0.000000 0.000000 1.000000 98138.dat
1 95 -50.000020 -128.000000 -30.000030 1.000000 0.000000 0.000000 0.000000 1.000000 0.000000 0.000000 0.000000 1.000000 98138.dat
0 STEP
0 NOFILE
0 FILE 4073.dat
0 Plate, Round 1 x 1 Straight Side
0 Name:  4073
0 Author:  James Jessiman
1 -1 0.000000 3.000000 0.000000 -1.000000 0.000000 0.000000 0.000000 -1.250000 0.000000 0.000000 0.000000 1.000000 stud4.dat
1 -1 0.000000 3.000000 0.000000 -6.000000 0.000000 0.000000 0.000000 -1.000000 0.000000 0.000000 0.000000 6.000000 4-4disc.dat
1 -1 0.000000 3.000000 0.000000 -2.000000 0.000000 0.000000 0.000000 -1.000000 0.000000 0.000000 0.000000 2.000000 4-4ring4.dat
1 -1 0.000000 0.000000 0.000000 10.000000 0.000000 0.000000 0.000000 3.000000 0.000000 0.000000 0.000000 10.000000 4-4cylo.dat
1 -1 0.000000 0.000000 0.000000 2.000000 0.000000 0.000000 0.000000 1.000000 0.000000 0.000000 0.000000 2.000000 4-4ring4.dat
1 -1 0.000000 0.000000 0.000000 2.000000 0.000000 0.000000 0.000000 1.000000 0.000000 0.000000 0.000000 2.000000 4-4ring3.dat
1 -1 0.000000 0.000000 0.000000 1.000000 0.000000 0.000000 0.000000 1.000000 0.000000 0.000000 0.000000 1.000000 stud.dat
0 NOFILE
0 FILE 3795.dat
0 Plate 2 x 6
0 Name:  3795
0 Author:  James Jessiman
1 -1 40.000000 4.000000 0.000000 1.000000 0.000000 0.000000 0.000000 -1.000000 0.000000 0.000000 0.000000 1.000000 stud4.dat
1 -1 20.000000 4.000000 0.000000 1.000000 0.000000 0.000000 0.000000 -1.000000 0.000000 0.000000 0.000000 1.000000 stud4.dat
1 -1 0.000000 4.000000 0.000000 1.000000 0.000000 0.000000 0.000000 -1.000000 0.000000 0.000000 0.000000 1.000000 stud4.dat
1 -1 -20.000000 4.000000 0.000000 1.000000 0.000000 0.000000 0.000000 -1.000000 0.000000 0.000000 0.000000 1.000000 stud4.dat
1 -1 -40.000000 4.000000 0.000000 1.000000 0.000000 0.000000 0.000000 -1.000000 0.000000 0.000000 0.000000 1.000000 stud4.dat
1 -1 0.000000 8.000000 0.000000 56.000000 0.000000 0.000000 0.000000 -4.000000 0.000000 0.000000 0.000000 16.000000 box5.dat
4 -1 60.000 8.000 20.000 56.000 8.000 16.000 -56.000 8.000 16.000 -60.000 8.000 20.000
4 -1 -60.000 8.000 -20.000 -56.000 8.000 -16.000 56.000 8.000 -16.000 60.000 8.000 -20.000
4 -1 60.000 8.000 -20.000 56.000 8.000 -16.000 56.000 8.000 16.000 60.000 8.000 20.000
4 -1 -60.000 8.000 20.000 -56.000 8.000 16.000 -56.000 8.000 -16.000 -60.000 8.000 -20.000
1 -1 0.000000 8.000000 0.000000 60.000000 0.000000 0.000000 0.000000 -8.000000 0.000000 0.000000 0.000000 20.000000 box5.dat
1 -1 50.000000 0.000000 10.000000 1.000000 0.000000 0.000000 0.000000 1.000000 0.000000 0.000000 0.000000 1.000000 stud.dat
1 -1 30.000000 0.000000 10.000000 1.000000 0.000000 0.000000 0.000000 1.000000 0.000000 0.000000 0.000000 1.000000 stud.dat
1 -1 10.000000 0.000000 10.000000 1.000000 0.000000 0.000000 0.000000 1.000000 0.000000 0.000000 0.000000 1.000000 stud.dat
1 -1 -10.000000 0.000000 10.000000 1.000000 0.000000 0.000000 0.000000 1.000000 0.000000 0.000000 0.000000 1.000000 stud.dat
1 -1 -30.000000 0.000000 10.000000 1.000000 0.000000 0.000000 0.000000 1.000000 0.000000 0.000000 0.000000 1.000000 stud.dat
1 -1 -50.000000 0.000000 10.000000 1.000000 0.000000 0.000000 0.000000 1.000000 0.000000 0.000000 0.000000 1.000000 stud.dat
1 -1 50.000000 0.000000 -10.000000 1.000000 0.000000 0.000000 0.000000 1.000000 0.000000 0.000000 0.000000 1.000000 stud.dat
1 -1 30.000000 0.000000 -10.000000 1.000000 0.000000 0.000000 0.000000 1.000000 0.000000 0.000000 0.000000 1.000000 stud.dat
1 -1 10.000000 0.000000 -10.000000 1.000000 0.000000 0.000000 0.000000 1.000000 0.000000 0.000000 0.000000 1.000000 stud.dat
1 -1 -10.000000 0.000000 -10.000000 1.000000 0.000000 0.000000 0.000000 1.000000 0.000000 0.000000 0.000000 1.000000 stud.dat
1 -1 -30.000000 0.000000 -10.000000 1.000000 0.000000 0.000000 0.000000 1.000000 0.000000 0.000000 0.000000 1.000000 stud.dat
1 -1 -50.000000 0.000000 -10.000000 1.000000 0.000000 0.000000 0.000000 1.000000 0.000000 0.000000 0.000000 1.000000 stud.dat
0 NOFILE
0 FILE 4070.dat
0 Brick, Modified 1 x 1 with Headlight
0 Name:  4070
0 Author:  James Jessiman
2 -2 6.000 24.000 6.000 -6.000 24.000 6.000
2 -2 -6.000 24.000 6.000 -6.000 24.000 -6.000
2 -2 -6.000 24.000 -6.000 6.000 24.000 -6.000
2 -2 6.000 24.000 -6.000 6.000 24.000 6.000
4 -1 10.000 24.000 10.000 6.000 24.000 6.000 -6.000 24.000 6.000 -10.000 24.000 10.000
4 -1 -10.000 24.000 10.000 -6.000 24.000 6.000 -6.000 24.000 -6.000 -10.000 24.000 -10.000
4 -1 -10.000 24.000 -10.000 -6.000 24.000 -6.000 6.000 24.000 -6.000 10.000 24.000 -10.000
4 -1 10.000 24.000 -10.000 6.000 24.000 -6.000 6.000 24.000 6.000 10.000 24.000 10.000
2 -2 10.000 24.000 10.000 -10.000 24.000 10.000
2 -2 -10.000 24.000 10.000 -10.000 24.000 -10.000
2 -2 -10.000 24.000 -10.000 10.000 24.000 -10.000
2 -2 10.000 24.000 -10.000 10.000 24.000 10.000
1 -1 0.000000 20.000000 -8.000000 10.000000 0.000000 0.000000 0.000000 1.000000 0.000000 0.000000 0.000000 2.000000 rect.dat
2 -2 6.000 20.000 -2.000 -6.000 20.000 -2.000
2 -2 -6.000 20.000 -2.000 -6.000 20.000 -6.000
2 -2 6.000 20.000 -6.000 6.000 20.000 -2.000
4 -1 6.000 20.000 -2.000 6.000 20.000 -6.000 -6.000 20.000 -6.000 -6.000 20.000 -2.000
1 -1 0.000000 16.000000 8.000000 6.000000 0.000000 0.000000 0.000000 1.000000 0.000000 0.000000 0.000000 2.000000 rect.dat
1 -1 0.000000 4.000000 4.000000 -6.000000 0.000000 0.000000 0.000000 -1.000000 0.000000 0.000000 0.000000 6.000000 rect.dat
1 -1 0.000000 0.000000 2.000000 10.000000 0.000000 0.000000 0.000000 1.000000 0.000000 0.000000 0.000000 8.000000 rect.dat
2 -2 6.000 16.000 10.000 6.000 4.000 10.000
2 -2 -6.000 16.000 10.000 -6.000 4.000 10.000
2 -2 10.000 24.000 10.000 10.000 0.000 10.000
2 -2 -10.000 24.000 10.000 -10.000 0.000 10.000
2 -2 6.000 24.000 6.000 6.000 16.000 6.000
2 -2 -6.000 24.000 6.000 -6.000 16.000 6.000
2 -2 6.000 20.000 -2.000 6.000 4.000 -2.000
2 -2 -6.000 20.000 -2.000 -6.000 4.000 -2.000
2 -2 6.000 24.000 -6.000 6.000 20.000 -6.000
2 -2 -6.000 24.000 -6.000 -6.000 20.000 -6.000
2 -2 10.000 20.000 -6.000 10.000 0.000 -6.000
2 -2 -10.000 20.000 -6.000 -10.000 0.000 -6.000
2 -2 10.000 24.000 -10.000 10.000 20.000 -10.000
2 -2 -10.000 24.000 -10.000 -10.000 20.000 -10.000
1 -1 0.000000 10.000000 -2.000000 4.000000 0.000000 0.000000 0.000000 0.000000 4.000000 0.000000 1.000000 0.000000 4-4edge.dat
1 -1 0.000000 10.000000 -2.000000 4.000000 0.000000 0.000000 0.000000 0.000000 -4.000000 0.000000 -1.000000 0.000000 4-4ndis.dat
1 -1 0.000000 10.000000 -2.000000 4.000000 0.000000 0.000000 0.000000 0.000000 4.000000 0.000000 -4.000000 0.000000 4-4cyli.dat
1 -1 0.000000 10.000000 -6.000000 6.000000 0.000000 0.000000 0.000000 0.000000 6.000000 0.000000 1.000000 0.000000 4-4edge.dat
1 -1 0.000000 10.000000 -6.000000 6.000000 0.000000 0.000000 0.000000 0.000000 6.000000 0.000000 1.000000 0.000000 4-4ndis.dat
4 -1 -6.000 16.000 10.000 6.000 16.000 10.000 10.000 24.000 10.000 -10.000 24.000 10.000
4 -1 -6.000 4.000 10.000 -6.000 16.000 10.000 -10.000 24.000 10.000 -10.000 0.000 10.000
4 -1 6.000 4.000 10.000 -6.000 4.000 10.000 -10.000 0.000 10.000 10.000 0.000 10.000
4 -1 6.000 16.000 10.000 6.000 4.000 10.000 10.000 0.000 10.000 10.000 24.000 10.000
4 -1 6.000 24.000 6.000 6.000 16.000 6.000 -6.000 16.000 6.000 -6.000 24.000 6.000
4 -1 -4.000 14.000 -2.000 4.000 14.000 -2.000 6.000 20.000 -2.000 -6.000 20.000 -2.000
4 -1 -4.000 6.000 -2.000 -4.000 14.000 -2.000 -6.000 20.000 -2.000 -6.000 4.000 -2.000
4 -1 4.000 6.000 -2.000 -4.000 6.000 -2.000 -6.000 4.000 -2.000 6.000 4.000 -2.000
4 -1 4.000 14.000 -2.000 4.000 6.000 -2.000 6.000 4.000 -2.000 6.000 20.000 -2.000
4 -1 10.000 20.000 -6.000 6.000 16.000 -6.000 -6.000 16.000 -6.000 -10.000 20.000 -6.000
4 -1 -10.000 20.000 -6.000 -6.000 16.000 -6.000 -6.000 4.000 -6.000 -10.000 0.000 -6.000
4 -1 -10.000 0.000 -6.000 -6.000 4.000 -6.000 6.000 4.000 -6.000 10.000 0.000 -6.000
4 -1 10.000 0.000 -6.000 6.000 4.000 -6.000 6.000 16.000 -6.000 10.000 20.000 -6.000
4 -1 -6.000 20.000 -6.000 6.000 20.000 -6.000 6.000 24.000 -6.000 -6.000 24.000 -6.000
4 -1 10.000 24.000 -10.000 10.000 20.000 -10.000 -10.000 20.000 -10.000 -10.000 24.000 -10.000
4 -1 10.000 24.000 10.000 10.000 20.000 -6.000 10.000 20.000 -10.000 10.000 24.000 -10.000
4 -1 10.000 24.000 10.000 10.000 0.000 10.000 10.000 0.000 -6.000 10.000 20.000 -6.000
4 -1 6.000 20.000 -6.000 6.000 20.000 -2.000 6.000 24.000 6.000 6.000 24.000 -6.000
4 -1 6.000 24.000 6.000 6.000 20.000 -2.000 6.000 4.000 -2.000 6.000 16.000 6.000
4 -1 6.000 4.000 -2.000 6.000 4.000 10.000 6.000 16.000 10.000 6.000 16.000 6.000
4 -1 -6.000 24.000 6.000 -6.000 20.000 -2.000 -6.000 20.000 -6.000 -6.000 24.000 -6.000
4 -1 -6.000 4.000 -2.000 -6.000 20.000 -2.000 -6.000 24.000 6.000 -6.000 16.000 6.000
4 -1 -6.000 16.000 10.000 -6.000 4.000 10.000 -6.000 4.000 -2.000 -6.000 16.000 6.000
4 -1 -10.000 20.000 -10.000 -10.000 20.000 -6.000 -10.000 24.000 10.000 -10.000 24.000 -10.000
4 -1 -10.000 0.000 -6.000 -10.000 0.000 10.000 -10.000 24.000 10.000 -10.000 20.000 -6.000
1 -1 0.000000 0.000000 0.000000 1.000000 0.000000 0.000000 0.000000 1.000000 0.000000 0.000000 0.000000 1.000000 stud.dat
1 -1 0.000000 10.000000 -6.000000 1.000000 0.000000 0.000000 0.000000 0.000000 1.000000 0.000000 1.000000 0.000000 stud2a.dat
0 NOFILE
0 FILE 3005.dat
0 Brick 1 x 1
0 Name:  3005
0 Author:  James Jessiman
1 -1 0.000000 24.000000 0.000000 6.000000 0.000000 0.000000 0.000000 -20.000000 0.000000 0.000000 0.000000 6.000000 box5.dat
4 -1 10.000 24.000 10.000 6.000 24.000 6.000 -6.000 24.000 6.000 -10.000 24.000 10.000
4 -1 -10.000 24.000 10.000 -6.000 24.000 6.000 -6.000 24.000 -6.000 -10.000 24.000 -10.000
4 -1 -10.000 24.000 -10.000 -6.000 24.000 -6.000 6.000 24.000 -6.000 10.000 24.000 -10.000
4 -1 10.000 24.000 -10.000 6.000 24.000 -6.000 6.000 24.000 6.000 10.000 24.000 10.000
1 -1 0.000000 24.000000 0.000000 10.000000 0.000000 0.000000 0.000000 -24.000000 0.000000 0.000000 0.000000 10.000000 box5.dat
1 -1 0.000000 0.000000 0.000000 1.000000 0.000000 0.000000 0.000000 1.000000 0.000000 0.000000 0.000000 1.000000 stud.dat
0 NOFILE
0 FILE 3004.dat
0 Brick 1 x 2
0 Name:  3004
0 Author:  James Jessiman
1 -1 0.000000 4.000000 0.000000 1.000000 0.000000 0.000000 0.000000 -5.000000 0.000000 0.000000 0.000000 1.000000 stud3.dat
1 -1 0.000000 24.000000 0.000000 16.000000 0.000000 0.000000 0.000000 -20.000000 0.000000 0.000000 0.000000 6.000000 box5.dat
4 -1 20.000 24.000 10.000 16.000 24.000 6.000 -16.000 24.000 6.000 -20.000 24.000 10.000
4 -1 -20.000 24.000 10.000 -16.000 24.000 6.000 -16.000 24.000 -6.000 -20.000 24.000 -10.000
4 -1 -20.000 24.000 -10.000 -16.000 24.000 -6.000 16.000 24.000 -6.000 20.000 24.000 -10.000
4 -1 20.000 24.000 -10.000 16.000 24.000 -6.000 16.000 24.000 6.000 20.000 24.000 10.000
1 -1 0.000000 24.000000 0.000000 20.000000 0.000000 0.000000 0.000000 -24.000000 0.000000 0.000000 0.000000 10.000000 box5.dat
1 -1 10.000000 0.000000 0.000000 1.000000 0.000000 0.000000 0.000000 1.000000 0.000000 0.000000 0.000000 1.000000 stud.dat
1 -1 -10.000000 0.000000 0.000000 1.000000 0.000000 0.000000 0.000000 1.000000 0.000000 0.000000 0.000000 1.000000 stud.dat
0 NOFILE
0 FILE 62361.dat
0 Vehicle, Mudguard 1 1/2 x 6 x 1 with Arch
0 Name:  62361
0 Author:  Kevin Roach [KROACH]
1 -1 0.000000 24.000000 -50.000000 -1.000000 0.000000 0.000000 0.000000 -1.000000 0.000000 0.000000 0.000000 1.000000 stud23.dat
1 -1 0.000000 24.000000 50.000000 -1.000000 0.000000 0.000000 0.000000 -1.000000 0.000000 0.000000 0.000000 1.000000 stud23.dat
1 -1 0.000000 13.974200 28.616000 6.000000 0.000000 0.000000 0.000000 -2.974200 0.000000 0.000000 0.000000 7.384000 box2-5.dat
1 -1 0.000000 13.974200 -28.616000 6.000000 0.000000 0.000000 0.000000 -2.974200 0.000000 0.000000 0.000000 -7.384000 box2-5.dat
1 -1 0.000000 9.820800 0.000000 6.000000 0.000000 0.000000 0.000000 -6.820800 0.000000 0.000000 0.000000 -16.000000 box3u2p.dat
1 -1 0.000000 8.000000 0.000000 10.000000 0.000000 0.000000 0.000000 -8.000000 0.000000 0.000000 0.000000 -20.000000 box3u4a.dat
1 -1 0.000000 12.000000 -30.000000 10.000000 0.000000 0.000000 0.000000 -4.000000 0.000000 0.000000 0.000000 -10.000000 box2-5.dat
1 -1 0.000000 12.000000 30.000000 -10.000000 0.000000 0.000000 0.000000 -4.000000 0.000000 0.000000 0.000000 10.000000 box2-5.dat
1 -1 0.000000 20.000000 -50.000000 -10.000000 0.000000 0.000000 0.000000 -4.000000 0.000000 0.000000 0.000000 -10.000000 box3-5a.dat
1 -1 0.000000 20.000000 50.000000 -10.000000 0.000000 0.000000 0.000000 -4.000000 0.000000 0.000000 0.000000 10.000000 box3-5a.dat
1 -1 0.000000 16.000000 -50.000000 0.000000 0.000000 -1.000000 0.000000 1.000000 0.000000 1.000000 0.000000 0.000000 stud.dat
1 -1 0.000000 16.000000 50.000000 0.000000 0.000000 -1.000000 0.000000 1.000000 0.000000 1.000000 0.000000 0.000000 stud.dat
1 -1 0.000000 8.000000 -30.000000 0.000000 0.000000 -1.000000 0.000000 1.000000 0.000000 1.000000 0.000000 0.000000 stud.dat
1 -1 0.000000 8.000000 30.000000 0.000000 0.000000 -1.000000 0.000000 1.000000 0.000000 1.000000 0.000000 0.000000 stud.dat
1 -1 0.000000 0.000000 -10.000000 0.000000 0.000000 -1.000000 0.000000 1.000000 0.000000 1.000000 0.000000 0.000000 stud.dat
1 -1 0.000000 0.000000 10.000000 0.000000 0.000000 -1.000000 0.000000 1.000000 0.000000 1.000000 0.000000 0.000000 stud.dat
1 -1 10.000000 86.227000 0.000000 0.000000 -1.000000 0.000000 -67.746800 0.000000 -39.113600 39.113600 0.000000 -67.746800 1-6edge.dat
1 -1 -10.000000 86.227000 0.000000 0.000000 -1.000000 0.000000 -67.746800 0.000000 -39.113600 39.113600 0.000000 -67.746800 1-6edge.dat
4 -1 10.000 18.480 39.114 10.000 13.959 29.936 6.000 13.953 29.937 6.000 16.948 36.000
4 -1 10.000 13.959 29.936 10.000 10.668 20.247 6.000 11.000 21.232 6.000 13.953 29.937
4 -1 10.000 10.668 20.247 10.000 8.667 10.210 6.000 8.667 10.211 6.000 9.821 16.000
4 -1 10.000 8.667 10.210 10.000 8.002 -0.001 6.000 8.000 0.000 6.000 8.667 10.211
4 -1 10.000 8.002 -0.001 10.000 8.664 -10.212 6.000 8.667 -10.211 6.000 8.000 0.000
4 -1 10.000 8.664 -10.212 10.000 10.666 -20.247 6.000 9.821 -16.000 6.000 8.667 -10.211
4 -1 10.000 10.666 -20.247 10.000 13.950 -29.938 6.000 13.953 -29.937 6.000 11.000 -21.232
4 -1 10.000 13.950 -29.938 10.000 18.481 -39.112 6.000 16.948 -36.000 6.000 13.953 -29.937
4 -1 -10.000 13.959 29.936 -10.000 18.480 39.114 -6.000 16.948 36.000 -6.000 13.953 29.937
4 -1 -6.000 13.953 29.937 -6.000 11.000 21.232 -10.000 10.668 20.247 -10.000 13.959 29.936
4 -1 -6.000 9.821 16.000 -6.000 8.667 10.211 -10.000 8.667 10.210 -10.000 10.668 20.247
4 -1 -6.000 8.667 10.211 -6.000 8.000 0.000 -10.000 8.002 -0.001 -10.000 8.667 10.210
4 -1 -6.000 8.000 0.000 -6.000 8.667 -10.211 -10.000 8.664 -10.212 -10.000 8.002 -0.001
4 -1 -6.000 8.667 -10.211 -6.000 9.821 -16.000 -10.000 10.666 -20.247 -10.000 8.664 -10.212
4 -1 -6.000 11.000 -21.232 -6.000 13.953 -29.937 -10.000 13.950 -29.938 -10.000 10.666 -20.247
4 -1 -6.000 13.953 -29.937 -6.000 16.948 -36.000 -10.000 18.481 -39.112 -10.000 13.950 -29.938
5 -2 10.000 18.480 39.114 -10.000 18.480 39.114
5 -2 10.000 13.959 29.936 6.000 13.953 29.937
5 -2 -10.000 13.959 29.936 -6.000 13.953 29.937
5 -2 10.000 10.668 20.247 -10.000 10.668 20.247
5 -2 10.000 8.667 10.210 6.000 8.667 10.211
5 -2 -10.000 8.667 10.210 -6.000 8.667 10.211
5 -2 10.000 8.002 -0.001 6.000 8.000 0.000
5 -2 -10.000 8.002 -0.001 -6.000 8.000 0.000
5 -2 10.000 8.664 -10.212 6.000 8.667 -10.211
5 -2 -10.000 8.664 -10.212 -6.000 8.667 -10.211
5 -2 10.000 10.666 -20.247 -10.000 10.666 -20.247
5 -2 10.000 13.950 -29.938 6.000 13.953 -29.937
5 -2 -10.000 13.950 -29.938 -6.000 13.953 -29.937
5 -2 10.000 18.481 -39.112 -10.000 18.481 -39.112
1 -1 0.000000 21.537000 40.000000 10.000000 0.000000 0.000000 0.000000 0.000000 -2.463050 0.000000 1.000000 0.000000 rect.dat
4 -1 10.000 19.074 40.000 10.000 18.480 39.114 -10.000 18.480 39.114 -10.000 19.074 40.000
2 -2 10.000 19.074 40.000 10.000 18.480 39.114
2 -2 -10.000 19.074 40.000 -10.000 18.480 39.114
4 -1 -6.000 16.948 36.000 -10.000 18.480 39.114 10.000 18.480 39.114 6.000 16.948 36.000
4 -1 -10.000 10.668 20.247 -6.000 11.000 21.232 6.000 11.000 21.232 10.000 10.668 20.247
4 -1 10.000 10.668 20.247 6.000 9.821 16.000 -6.000 9.821 16.000 -10.000 10.668 20.247
1 -1 0.000000 21.537000 -40.000000 -10.000000 0.000000 0.000000 0.000000 0.000000 -2.463050 0.000000 -1.000000 0.000000 rect.dat
4 -1 -10.000 19.074 -40.000 -10.000 18.481 -39.112 10.000 18.481 -39.112 10.000 19.074 -40.000
2 -2 10.000 19.074 -40.000 10.000 18.481 -39.112
2 -2 -10.000 19.074 -40.000 -10.000 18.481 -39.112
4 -1 6.000 16.948 -36.000 10.000 18.481 -39.112 -10.000 18.481 -39.112 -6.000 16.948 -36.000
4 -1 10.000 10.666 -20.247 6.000 11.000 -21.232 -6.000 11.000 -21.232 -10.000 10.666 -20.247
4 -1 -10.000 10.666 -20.247 -6.000 9.821 -16.000 6.000 9.821 -16.000 10.000 10.666 -20.247
3 -1 -10.000 8.000 40.000 -10.000 19.074 40.000 -10.000 18.480 39.114
3 -1 -10.000 8.000 40.000 -10.000 18.480 39.114 -10.000 13.959 29.936
3 -1 -10.000 8.000 40.000 -10.000 13.959 29.936 -10.000 10.668 20.247
3 -1 -10.000 8.000 40.000 -10.000 10.668 20.247 -10.000 8.667 10.210
3 -1 -10.000 8.000 40.000 -10.000 8.667 10.210 -10.000 8.002 -0.001
3 -1 -10.000 8.000 -40.000 -10.000 8.002 -0.001 -10.000 8.664 -10.212
3 -1 -10.000 8.000 -40.000 -10.000 8.664 -10.212 -10.000 10.666 -20.247
3 -1 -10.000 8.000 -40.000 -10.000 10.666 -20.247 -10.000 13.950 -29.938
3 -1 -10.000 8.000 -40.000 -10.000 13.950 -29.938 -10.000 18.481 -39.112
3 -1 -10.000 8.000 -40.000 -10.000 18.481 -39.112 -10.000 19.074 -40.000
4 -1 -10.000 8.000 20.000 -10.000 8.000 -20.000 -10.000 0.000 -20.000 -10.000 0.000 20.000
2 -2 10.000 18.993 42.889 10.000 24.000 47.000
2 -2 10.000 13.397 36.926 10.000 18.993 42.889
2 -2 10.000 8.689 30.327 10.000 13.397 36.926
2 -2 10.000 4.935 23.212 10.000 8.689 30.327
2 -2 10.000 2.211 15.697 10.000 4.935 23.212
2 -2 10.000 0.558 7.915 10.000 2.211 15.697
2 -2 10.000 0.000 0.000 10.000 0.558 7.915
2 -2 10.000 0.558 -7.915 10.000 0.000 0.000
2 -2 10.000 2.211 -15.697 10.000 0.558 -7.915
2 -2 10.000 4.935 -23.212 10.000 2.211 -15.697
2 -2 10.000 8.689 -30.327 10.000 4.935 -23.212
2 -2 10.000 13.397 -36.926 10.000 8.689 -30.327
2 -2 10.000 18.993 -42.889 10.000 13.397 -36.926
2 -2 10.000 24.000 -47.000 10.000 18.993 -42.889
2 -2 10.000 24.000 40.000 10.000 21.945 38.372
2 -2 10.000 21.945 38.372 10.000 16.709 33.038
2 -2 10.000 16.709 33.038 10.000 12.304 27.134
2 -2 10.000 12.304 27.134 10.000 8.791 20.768
2 -2 10.000 8.791 20.768 10.000 6.242 14.044
2 -2 10.000 6.242 14.044 10.000 4.695 7.082
2 -2 10.000 4.695 7.082 10.000 4.174 0.000
2 -2 10.000 4.174 0.000 10.000 4.695 -7.082
2 -2 10.000 4.695 -7.082 10.000 6.242 -14.044
2 -2 10.000 6.242 -14.044 10.000 8.791 -20.768
2 -2 10.000 8.791 -20.768 10.000 12.304 -27.134
2 -2 10.000 12.304 -27.134 10.000 16.709 -33.038
2 -2 10.000 16.709 -33.038 10.000 21.945 -38.372
2 -2 10.000 21.945 -38.372 10.000 24.000 -40.000
3 -1 10.000 8.000 40.000 10.000 13.397 35.310 10.000 18.000 40.000
3 -1 10.000 8.000 40.000 10.000 8.689 29.000 10.000 13.397 35.310
3 -1 10.000 8.000 40.000 10.000 8.000 27.751 10.000 8.689 29.000
4 -1 10.000 19.074 40.000 10.000 24.000 40.000 10.000 21.945 38.372 10.000 18.480 39.114
3 -1 10.000 18.480 39.114 10.000 21.945 38.372 10.000 16.709 33.038
4 -1 10.000 13.959 29.936 10.000 18.480 39.114 10.000 16.709 33.038 10.000 13.579 28.843
4 -1 10.000 10.668 20.247 10.000 13.579 28.843 10.000 12.304 27.134 10.000 8.791 20.768
4 -1 10.000 10.668 20.247 10.000 8.791 20.768 10.000 6.242 14.044 10.000 8.667 10.210
4 -1 10.000 8.667 10.210 10.000 6.242 14.044 10.000 4.695 7.082 10.000 8.002 -0.001
4 -1 10.000 8.002 -0.001 10.000 4.695 7.082 10.000 4.174 0.000 10.000 4.695 -7.082
4 -1 10.000 8.664 -10.212 10.000 8.002 -0.001 10.000 4.695 -7.082 10.000 6.242 -14.044
4 -1 10.000 10.666 -20.247 10.000 8.664 -10.212 10.000 6.242 -14.044 10.000 8.791 -20.768
4 -1 10.000 10.666 -20.247 10.000 8.791 -20.768 10.000 12.304 -27.134 10.000 13.579 -28.843
4 -1 10.000 13.950 -29.938 10.000 13.579 -28.843 10.000 16.709 -33.038 10.000 18.481 -39.112
4 -1 10.000 18.481 -39.112 10.000 16.709 -33.038 10.000 21.945 -38.372 10.000 19.074 -40.000
3 -1 10.000 19.074 -40.000 10.000 21.945 -38.372 10.000 24.000 -40.000
3 -1 10.000 8.689 -29.000 10.000 8.000 -27.751 10.000 8.000 -40.000
3 -1 10.000 13.397 -35.310 10.000 8.689 -29.000 10.000 8.000 -40.000
3 -1 10.000 18.000 -40.000 10.000 13.397 -35.310 10.000 8.000 -40.000
3 -1 10.000 2.211 15.010 10.000 4.102 20.000 10.000 0.000 20.000
3 -1 10.000 0.558 7.569 10.000 2.211 15.010 10.000 0.000 20.000
3 -1 10.000 0.000 0.000 10.000 0.558 7.569 10.000 0.000 20.000
3 -1 10.000 0.558 -7.569 10.000 0.000 0.000 10.000 0.000 -20.000
3 -1 10.000 2.211 -15.010 10.000 0.558 -7.569 10.000 0.000 -20.000
3 -1 10.000 4.102 -20.000 10.000 2.211 -15.010 10.000 0.000 -20.000
1 -1 -1.778000 56.777000 0.000000 15.255500 -10.212300 15.255500 -36.680800 -4.900830 -36.680800 40.244600 0.000000 -40.244600 1-4edge.dat
2 -2 11.854 24.000 44.000 13.478 20.096 40.245
2 -2 13.478 20.096 -40.245 11.854 24.000 -44.000
1 -1 -1.778000 49.786000 0.000000 15.255500 -10.212300 15.255500 -28.857500 -10.137900 -28.857500 36.586000 0.000000 -36.586000 1-4edge.dat
2 -2 11.854 24.000 40.000 13.478 20.929 36.586
2 -2 13.478 20.929 -36.586 11.854 24.000 -40.000
4 -1 10.000 4.935 -23.212 10.000 2.211 -15.697 10.000 8.000 -20.000 10.000 8.689 -30.327
4 -1 10.000 8.689 30.327 10.000 8.000 20.000 10.000 2.211 15.697 10.000 4.935 23.212
4 -1 6.000 8.000 16.000 6.000 8.000 -16.000 6.000 3.000 -16.000 6.000 3.000 16.000
4 -1 -6.000 3.000 16.000 -6.000 3.000 -16.000 -6.000 8.000 -16.000 -6.000 8.000 16.000
3 -1 6.000 16.948 36.000 6.000 13.953 29.937 6.000 11.000 36.000
3 -1 6.000 13.953 29.937 6.000 11.000 21.232 6.000 11.000 36.000
3 -1 6.000 9.821 16.000 6.000 8.667 10.211 6.000 8.000 16.000
3 -1 6.000 8.667 10.211 6.000 8.000 0.000 6.000 8.000 16.000
3 -1 6.000 11.000 -36.000 6.000 13.953 -29.937 6.000 16.948 -36.000
3 -1 6.000 11.000 -36.000 6.000 11.000 -21.232 6.000 13.953 -29.937
3 -1 6.000 8.000 -16.000 6.000 8.667 -10.211 6.000 9.821 -16.000
3 -1 6.000 8.000 -16.000 6.000 8.000 0.000 6.000 8.667 -10.211
3 -1 -6.000 11.000 36.000 -6.000 13.953 29.937 -6.000 16.948 36.000
3 -1 -6.000 11.000 36.000 -6.000 11.000 21.232 -6.000 13.953 29.937
3 -1 -6.000 8.000 16.000 -6.000 8.667 10.211 -6.000 9.821 16.000
3 -1 -6.000 8.000 16.000 -6.000 8.000 0.000 -6.000 8.667 10.211
3 -1 -6.000 16.948 -36.000 -6.000 13.953 -29.937 -6.000 11.000 -36.000
3 -1 -6.000 13.953 -29.937 -6.000 11.000 -21.232 -6.000 11.000 -36.000
3 -1 -6.000 9.821 -16.000 -6.000 8.667 -10.211 -6.000 8.000 -16.000
3 -1 -6.000 8.667 -10.211 -6.000 8.000 0.000 -6.000 8.000 -16.000
2 -2 6.000 16.948 36.000 6.000 13.953 29.937
2 -2 6.000 13.953 29.937 6.000 11.000 21.232
2 -2 6.000 9.821 16.000 6.000 8.667 10.211
2 -2 6.000 8.667 10.211 6.000 8.000 0.000
2 -2 6.000 16.948 -36.000 6.000 13.953 -29.937
2 -2 6.000 13.953 -29.937 6.000 11.000 -21.232
2 -2 6.000 9.821 -16.000 6.000 8.667 -10.211
2 -2 6.000 8.667 -10.211 6.000 8.000 0.000
2 -2 -6.000 16.948 36.000 -6.000 13.953 29.937
2 -2 -6.000 13.953 29.937 -6.000 11.000 21.232
2 -2 -6.000 9.821 16.000 -6.000 8.667 10.211
2 -2 -6.000 8.667 10.211 -6.000 8.000 0.000
2 -2 -6.000 16.948 -36.000 -6.000 13.953 -29.937
2 -2 -6.000 13.953 -29.937 -6.000 11.000 -21.232
2 -2 -6.000 9.821 -16.000 -6.000 8.667 -10.211
2 -2 -6.000 8.667 -10.211 -6.000 8.000 0.000
4 -1 10.000 24.000 40.000 -10.000 24.000 40.000 -6.000 24.000 44.000 6.000 24.000 44.000
4 -1 10.000 24.000 60.000 10.000 24.000 40.000 6.000 24.000 44.000 6.000 24.000 56.000
4 -1 -10.000 24.000 60.000 10.000 24.000 60.000 6.000 24.000 56.000 -6.000 24.000 56.000
4 -1 -10.000 24.000 40.000 -10.000 24.000 60.000 -6.000 24.000 56.000 -6.000 24.000 44.000
4 -1 -10.000 24.000 -40.000 10.000 24.000 -40.000 6.000 24.000 -44.000 -6.000 24.000 -44.000
4 -1 -10.000 24.000 -60.000 -10.000 24.000 -40.000 -6.000 24.000 -44.000 -6.000 24.000 -56.000
4 -1 10.000 24.000 -60.000 -10.000 24.000 -60.000 -6.000 24.000 -56.000 6.000 24.000 -56.000
4 -1 10.000 24.000 -40.000 10.000 24.000 -60.000 6.000 24.000 -56.000 6.000 24.000 -44.000
3 -1 10.000 18.993 42.889 11.854 24.000 44.000 10.000 24.000 47.000
3 -1 13.478 20.096 40.245 11.854 24.000 44.000 10.000 18.993 42.889
3 -1 10.000 13.397 36.926 13.478 20.096 40.245 10.000 18.993 42.889
3 -1 15.337 15.625 34.647 13.478 20.096 40.245 10.000 13.397 36.926
3 -1 10.000 8.689 30.327 15.337 15.625 34.647 10.000 13.397 36.926
3 -1 16.905 11.854 28.457 15.337 15.625 34.647 10.000 8.689 30.327
3 -1 18.155 8.850 21.780 16.905 11.854 28.457 10.000 8.689 30.327
3 -1 10.000 4.935 23.212 18.155 8.850 21.780 10.000 8.689 30.327
4 -1 19.061 6.671 14.730 18.155 8.850 21.780 10.000 4.935 23.212 10.000 2.211 15.697
4 -1 10.000 0.558 7.915 19.613 5.343 7.429 19.061 6.671 14.730 10.000 2.211 15.697
4 -1 10.000 0.000 0.000 19.796 4.903 0.000 19.613 5.343 7.429 10.000 0.558 7.915
4 -1 19.613 5.343 -7.429 19.796 4.903 0.000 10.000 0.000 0.000 10.000 0.558 -7.915
4 -1 19.061 6.671 -14.730 19.613 5.343 -7.429 10.000 0.558 -7.915 10.000 2.211 -15.697
4 -1 19.061 6.671 -14.730 10.000 2.211 -15.697 10.000 4.935 -23.212 18.155 8.850 -21.780
3 -1 10.000 8.689 -30.327 18.155 8.850 -21.780 10.000 4.935 -23.212
3 -1 16.905 11.854 -28.457 18.155 8.850 -21.780 10.000 8.689 -30.327
3 -1 15.337 15.625 -34.647 16.905 11.854 -28.457 10.000 8.689 -30.327
3 -1 10.000 13.397 -36.926 15.337 15.625 -34.647 10.000 8.689 -30.327
3 -1 13.478 20.096 -40.245 15.337 15.625 -34.647 10.000 13.397 -36.926
3 -1 10.000 18.993 -42.889 13.478 20.096 -40.245 10.000 13.397 -36.926
3 -1 11.854 24.000 -44.000 13.478 20.096 -40.245 10.000 18.993 -42.889
3 -1 10.000 24.000 -47.000 11.854 24.000 -44.000 10.000 18.993 -42.889
5 -2 11.854 24.000 44.000 10.000 18.993 42.889
5 -2 10.000 18.993 42.889 13.478 20.096 40.245
5 -2 13.478 20.096 40.245 10.000 13.397 36.926
5 -2 10.000 13.397 36.926 15.337 15.625 34.647
5 -2 15.337 15.625 34.647 10.000 8.689 30.327
5 -2 10.000 8.689 30.327 16.905 11.854 28.457
5 -2 10.000 8.689 30.327 18.155 8.850 21.780
5 -2 18.155 8.850 21.780 10.000 4.935 23.212
5 -2 19.061 6.671 14.730 10.000 2.211 15.697
5 -2 19.613 5.343 7.429 10.000 0.558 7.915
5 -2 19.796 4.903 0.000 10.000 0.000 0.000
5 -2 10.000 0.558 -7.915 19.613 5.343 -7.429
5 -2 10.000 2.211 -15.697 19.061 6.671 -14.730
5 -2 10.000 4.935 -23.212 18.155 8.850 -21.780
5 -2 18.155 8.850 -21.780 10.000 8.689 -30.327
5 -2 10.000 8.689 -30.327 16.905 11.854 -28.457
5 -2 10.000 8.689 -30.327 15.337 15.625 -34.647
5 -2 15.337 15.625 -34.647 10.000 13.397 -36.926
5 -2 10.000 13.397 -36.926 13.478 20.096 -40.245
5 -2 13.478 20.096 -40.245 10.000 18.993 -42.889
5 -2 10.000 18.993 -42.889 11.854 24.000 -44.000
3 -1 11.854 24.000 40.000 11.854 24.000 44.000 13.478 20.096 40.245
3 -1 11.854 24.000 40.000 13.478 20.096 40.245 13.478 20.929 36.586
3 -1 13.478 20.929 36.586 13.478 20.096 40.245 15.337 15.625 34.647
3 -1 13.478 20.929 36.586 15.337 15.625 34.647 15.337 17.411 31.497
3 -1 15.337 17.411 31.497 15.337 15.625 34.647 16.905 11.854 28.457
3 -1 15.337 17.411 31.497 16.905 11.854 28.457 16.905 14.444 25.870
3 -1 16.905 14.444 25.870 16.905 11.854 28.457 18.155 12.081 19.800
3 -1 18.155 12.081 19.800 16.905 11.854 28.457 18.155 8.850 21.780
3 -1 18.155 12.081 19.800 18.155 8.850 21.780 19.061 10.367 13.391
3 -1 19.061 10.367 13.391 18.155 8.850 21.780 19.061 6.671 14.730
3 -1 19.061 10.367 13.391 19.061 6.671 14.730 19.613 9.322 6.754
3 -1 19.613 9.322 6.754 19.061 6.671 14.730 19.613 5.343 7.429
4 -1 19.796 8.976 0.000 19.613 9.322 6.754 19.613 5.343 7.429 19.796 4.903 0.000
4 -1 19.796 8.976 0.000 19.796 4.903 0.000 19.613 5.343 -7.429 19.613 9.322 -6.754
3 -1 19.613 9.322 -6.754 19.613 5.343 -7.429 19.061 6.671 -14.730
3 -1 19.613 9.322 -6.754 19.061 6.671 -14.730 19.061 10.367 -13.391
3 -1 19.061 10.367 -13.391 19.061 6.671 -14.730 18.155 8.850 -21.780
3 -1 19.061 10.367 -13.391 18.155 8.850 -21.780 18.155 12.081 -19.800
3 -1 18.155 12.081 -19.800 18.155 8.850 -21.780 16.905 11.854 -28.457
3 -1 18.155 12.081 -19.800 16.905 11.854 -28.457 16.905 14.444 -25.870
3 -1 16.905 14.444 -25.870 16.905 11.854 -28.457 15.337 17.411 -31.497
3 -1 15.337 17.411 -31.497 16.905 11.854 -28.457 15.337 15.625 -34.647
3 -1 15.337 17.411 -31.497 15.337 15.625 -34.647 13.478 20.929 -36.586
3 -1 13.478 20.929 -36.586 15.337 15.625 -34.647 13.478 20.096 -40.245
3 -1 13.478 20.929 -36.586 13.478 20.096 -40.245 11.854 24.000 -40.000
3 -1 11.854 24.000 -40.000 13.478 20.096 -40.245 11.854 24.000 -44.000
5 -2 11.854 24.000 40.000 13.478 20.096 40.245
5 -2 13.478 20.096 40.245 13.478 20.929 36.586
5 -2 13.478 20.929 36.586 15.337 15.625 34.647
5 -2 15.337 15.625 34.647 15.337 17.411 31.497
5 -2 15.337 17.411 31.497 16.905 11.854 28.457
5 -2 16.905 11.854 28.457 16.905 14.444 25.870
5 -2 16.905 11.854 28.457 18.155 12.081 19.800
5 -2 18.155 12.081 19.800 18.155 8.850 21.780
5 -2 18.155 8.850 21.780 19.061 10.367 13.391
5 -2 19.061 10.367 13.391 19.061 6.671 14.730
5 -2 19.061 6.671 14.730 19.613 9.322 6.754
5 -2 19.613 9.322 6.754 19.613 5.343 7.429
5 -2 19.796 8.976 0.000 19.796 4.903 0.000
5 -2 19.613 5.343 -7.429 19.613 9.322 -6.754
5 -2 19.613 9.322 -6.754 19.061 6.671 -14.730
5 -2 19.061 6.671 -14.730 19.061 10.367 -13.391
5 -2 19.061 10.367 -13.391 18.155 8.850 -21.780
5 -2 18.155 8.850 -21.780 18.155 12.081 -19.800
5 -2 18.155 12.081 -19.800 16.905 11.854 -28.457
5 -2 16.905 11.854 -28.457 16.905 14.444 -25.870
5 -2 16.905 11.854 -28.457 15.337 17.411 -31.497
5 -2 15.337 17.411 -31.497 15.337 15.625 -34.647
5 -2 15.337 15.625 -34.647 13.478 20.929 -36.586
5 -2 13.478 20.929 -36.586 13.478 20.096 -40.245
5 -2 13.478 20.096 -40.245 11.854 24.000 -40.000
3 -1 10.000 21.945 38.372 10.000 24.000 40.000 11.854 24.000 40.000
4 -1 10.000 16.709 33.038 10.000 21.945 38.372 11.854 24.000 40.000 13.478 20.929 36.586
3 -1 15.337 17.411 31.497 10.000 16.709 33.038 13.478 20.929 36.586
3 -1 10.000 12.304 27.134 10.000 16.709 33.038 15.337 17.411 31.497
3 -1 16.905 14.444 25.870 10.000 12.304 27.134 15.337 17.411 31.497
3 -1 18.155 12.081 19.800 10.000 12.304 27.134 16.905 14.444 25.870
3 -1 10.000 8.791 20.768 10.000 12.304 27.134 18.155 12.081 19.800
3 -1 19.061 10.367 13.391 10.000 8.791 20.768 18.155 12.081 19.800
3 -1 10.000 6.242 14.044 10.000 8.791 20.768 19.061 10.367 13.391
3 -1 19.613 9.322 6.754 10.000 6.242 14.044 19.061 10.367 13.391
3 -1 10.000 4.695 7.082 10.000 6.242 14.044 19.613 9.322 6.754
4 -1 10.000 4.174 0.000 10.000 4.695 7.082 19.613 9.322 6.754 19.796 8.976 0.000
4 -1 19.613 9.322 -6.754 10.000 4.695 -7.082 10.000 4.174 0.000 19.796 8.976 0.000
3 -1 10.000 6.242 -14.044 10.000 4.695 -7.082 19.613 9.322 -6.754
3 -1 19.061 10.367 -13.391 10.000 6.242 -14.044 19.613 9.322 -6.754
3 -1 10.000 8.791 -20.768 10.000 6.242 -14.044 19.061 10.367 -13.391
3 -1 18.155 12.081 -19.800 10.000 8.791 -20.768 19.061 10.367 -13.391
3 -1 10.000 12.304 -27.134 10.000 8.791 -20.768 18.155 12.081 -19.800
3 -1 16.905 14.444 -25.870 10.000 12.304 -27.134 18.155 12.081 -19.800
3 -1 15.337 17.411 -31.497 10.000 12.304 -27.134 16.905 14.444 -25.870
3 -1 10.000 16.709 -33.038 10.000 12.304 -27.134 15.337 17.411 -31.497
3 -1 13.478 20.929 -36.586 10.000 16.709 -33.038 15.337 17.411 -31.497
4 -1 11.854 24.000 -40.000 10.000 21.945 -38.372 10.000 16.709 -33.038 13.478 20.929 -36.586
3 -1 10.000 24.000 -40.000 10.000 21.945 -38.372 11.854 24.000 -40.000
5 -2 11.854 24.000 40.000 10.000 21.945 38.372
5 -2 13.478 20.929 36.586 10.000 16.709 33.038
5 -2 10.000 16.709 33.038 15.337 17.411 31.497
5 -2 15.337 17.411 31.497 10.000 12.304 27.134
5 -2 10.000 12.304 27.134 16.905 14.444 25.870
5 -2 10.000 12.304 27.134 18.155 12.081 19.800
5 -2 18.155 12.081 19.800 10.000 8.791 20.768
5 -2 10.000 8.791 20.768 19.061 10.367 13.391
5 -2 19.061 10.367 13.391 10.000 6.242 14.044
5 -2 10.000 6.242 14.044 19.613 9.322 6.754
5 -2 19.613 9.322 6.754 10.000 4.695 7.082
5 -2 19.796 8.976 0.000 10.000 4.174 0.000
5 -2 10.000 4.695 -7.082 19.613 9.322 -6.754
5 -2 19.613 9.322 -6.754 10.000 6.242 -14.044
5 -2 10.000 6.242 -14.044 19.061 10.367 -13.391
5 -2 19.061 10.367 -13.391 10.000 8.791 -20.768
5 -2 10.000 8.791 -20.768 18.155 12.081 -19.800
5 -2 18.155 12.081 -19.800 10.000 12.304 -27.134
5 -2 10.000 12.304 -27.134 16.905 14.444 -25.870
5 -2 10.000 12.304 -27.134 15.337 17.411 -31.497
5 -2 15.337 17.411 -31.497 10.000 16.709 -33.038
5 -2 10.000 16.709 -33.038 13.478 20.929 -36.586
5 -2 10.000 21.945 -38.372 11.854 24.000 -40.000
2 -2 10.000 24.000 -47.000 11.854 24.000 -44.000
2 -2 11.854 24.000 -44.000 11.854 24.000 -40.000
2 -2 11.854 24.000 -40.000 10.000 24.000 -40.000
4 -1 10.000 24.000 -40.000 11.854 24.000 -40.000 11.854 24.000 -44.000 10.000 24.000 -47.000
2 -2 10.000 24.000 47.000 11.854 24.000 44.000
2 -2 11.854 24.000 44.000 11.854 24.000 40.000
2 -2 11.854 24.000 40.000 10.000 24.000 40.000
4 -1 10.000 24.000 47.000 11.854 24.000 44.000 11.854 24.000 40.000 10.000 24.000 40.000
2 -2 10.000 24.000 -47.000 10.000 24.000 -60.000
4 -1 10.000 16.000 -60.000 10.000 24.000 -60.000 10.000 24.000 -47.000 10.000 18.000 -40.000
3 -1 10.000 18.000 -40.000 10.000 16.000 -40.000 10.000 16.000 -60.000
2 -2 10.000 24.000 47.000 10.000 24.000 60.000
4 -1 10.000 24.000 47.000 10.000 24.000 60.000 10.000 16.000 60.000 10.000 18.000 40.000
3 -1 10.000 16.000 60.000 10.000 16.000 40.000 10.000 18.000 40.000
0 NOFILE
0 FILE 3666.dat
0 Plate 1 x 6
0 Name:  3666
0 Author:  James Jessiman
1 -1 40.000000 4.000000 0.000000 1.000000 0.000000 0.000000 0.000000 -1.000000 0.000000 0.000000 0.000000 1.000000 stud3.dat
1 -1 20.000000 4.000000 0.000000 1.000000 0.000000 0.000000 0.000000 -1.000000 0.000000 0.000000 0.000000 1.000000 stud3.dat
1 -1 0.000000 4.000000 0.000000 1.000000 0.000000 0.000000 0.000000 -1.000000 0.000000 0.000000 0.000000 1.000000 stud3.dat
1 -1 -20.000000 4.000000 0.000000 1.000000 0.000000 0.000000 0.000000 -1.000000 0.000000 0.000000 0.000000 1.000000 stud3.dat
1 -1 -40.000000 4.000000 0.000000 1.000000 0.000000 0.000000 0.000000 -1.000000 0.000000 0.000000 0.000000 1.000000 stud3.dat
1 -1 0.000000 8.000000 0.000000 56.000000 0.000000 0.000000 0.000000 -4.000000 0.000000 0.000000 0.000000 6.000000 box5.dat
4 -1 60.000 8.000 10.000 56.000 8.000 6.000 -56.000 8.000 6.000 -60.000 8.000 10.000
4 -1 -60.000 8.000 10.000 -56.000 8.000 6.000 -56.000 8.000 -6.000 -60.000 8.000 -10.000
4 -1 -60.000 8.000 -10.000 -56.000 8.000 -6.000 56.000 8.000 -6.000 60.000 8.000 -10.000
4 -1 60.000 8.000 -10.000 56.000 8.000 -6.000 56.000 8.000 6.000 60.000 8.000 10.000
1 -1 0.000000 8.000000 0.000000 60.000000 0.000000 0.000000 0.000000 -8.000000 0.000000 0.000000 0.000000 10.000000 box5.dat
1 -1 50.000000 0.000000 0.000000 1.000000 0.000000 0.000000 0.000000 1.000000 0.000000 0.000000 0.000000 1.000000 stud.dat
1 -1 30.000000 0.000000 0.000000 1.000000 0.000000 0.000000 0.000000 1.000000 0.000000 0.000000 0.000000 1.000000 stud.dat
1 -1 10.000000 0.000000 0.000000 1.000000 0.000000 0.000000 0.000000 1.000000 0.000000 0.000000 0.000000 1.000000 stud.dat
1 -1 -10.000000 0.000000 0.000000 1.000000 0.000000 0.000000 0.000000 1.000000 0.000000 0.000000 0.000000 1.000000 stud.dat
1 -1 -30.000000 0.000000 0.000000 1.000000 0.000000 0.000000 0.000000 1.000000 0.000000 0.000000 0.000000 1.000000 stud.dat
1 -1 -50.000000 0.000000 0.000000 1.000000 0.000000 0.000000 0.000000 1.000000 0.000000 0.000000 0.000000 1.000000 stud.dat
0 NOFILE
0 FILE 3710.dat
0 Plate 1 x 4
0 Name:  3710
0 Author:  James Jessiman
1 -1 20.000000 4.000000 0.000000 1.000000 0.000000 0.000000 0.000000 -1.000000 0.000000 0.000000 0.000000 1.000000 stud3.dat
1 -1 0.000000 4.000000 0.000000 1.000000 0.000000 0.000000 0.000000 -1.000000 0.000000 0.000000 0.000000 1.000000 stud3.dat
1 -1 -20.000000 4.000000 0.000000 1.000000 0.000000 0.000000 0.000000 -1.000000 0.000000 0.000000 0.000000 1.000000 stud3.dat
1 -1 0.000000 8.000000 0.000000 36.000000 0.000000 0.000000 0.000000 -4.000000 0.000000 0.000000 0.000000 6.000000 box5.dat
4 -1 40.000 8.000 10.000 36.000 8.000 6.000 -36.000 8.000 6.000 -40.000 8.000 10.000
4 -1 -40.000 8.000 10.000 -36.000 8.000 6.000 -36.000 8.000 -6.000 -40.000 8.000 -10.000
4 -1 -40.000 8.000 -10.000 -36.000 8.000 -6.000 36.000 8.000 -6.000 40.000 8.000 -10.000
4 -1 40.000 8.000 -10.000 36.000 8.000 -6.000 36.000 8.000 6.000 40.000 8.000 10.000
1 -1 0.000000 8.000000 0.000000 40.000000 0.000000 0.000000 0.000000 -8.000000 0.000000 0.000000 0.000000 10.000000 box5.dat
1 -1 30.000000 0.000000 0.000000 1.000000 0.000000 0.000000 0.000000 1.000000 0.000000 0.000000 0.000000 1.000000 stud.dat
1 -1 10.000000 0.000000 0.000000 1.000000 0.000000 0.000000 0.000000 1.000000 0.000000 0.000000 0.000000 1.000000 stud.dat
1 -1 -10.000000 0.000000 0.000000 1.000000 0.000000 0.000000 0.000000 1.000000 0.000000 0.000000 0.000000 1.000000 stud.dat
1 -1 -30.000000 0.000000 0.000000 1.000000 0.000000 0.000000 0.000000 1.000000 0.000000 0.000000 0.000000 1.000000 stud.dat
0 NOFILE
0 FILE 3023.dat
0 Plate 1 x 2
0 Name:  3023
0 Author:  James Jessiman
1 -1 0.000000 4.000000 0.000000 1.000000 0.000000 0.000000 0.000000 -1.000000 0.000000 0.000000 0.000000 1.000000 stud3.dat
1 -1 0.000000 8.000000 0.000000 16.000000 0.000000 0.000000 0.000000 -4.000000 0.000000 0.000000 0.000000 6.000000 box5.dat
4 -1 20.000 8.000 10.000 16.000 8.000 6.000 -16.000 8.000 6.000 -20.000 8.000 10.000
4 -1 -20.000 8.000 10.000 -16.000 8.000 6.000 -16.000 8.000 -6.000 -20.000 8.000 -10.000
4 -1 -20.000 8.000 -10.000 -16.000 8.000 -6.000 16.000 8.000 -6.000 20.000 8.000 -10.000
4 -1 20.000 8.000 -10.000 16.000 8.000 -6.000 16.000 8.000 6.000 20.000 8.000 10.000
1 -1 0.000000 8.000000 0.000000 20.000000 0.000000 0.000000 0.000000 -8.000000 0.000000 0.000000 0.000000 10.000000 box5.dat
1 -1 10.000000 0.000000 0.000000 1.000000 0.000000 0.000000 0.000000 1.000000 0.000000 0.000000 0.000000 1.000000 stud.dat
1 -1 -10.000000 0.000000 0.000000 1.000000 0.000000 0.000000 0.000000 1.000000 0.000000 0.000000 0.000000 1.000000 stud.dat
0 NOFILE
0 FILE 3794b.dat
0 Plate, Modified 1 x 2 with 1 Stud with Groove (Jumper)
0 Name:  3794b
0 Author:  Magnus Forsberg [MagFors]
1 -1 0.000000 4.000000 0.000000 1.000000 0.000000 0.000000 0.000000 -1.000000 0.000000 0.000000 0.000000 1.000000 stud3.dat
1 -1 0.000000 8.000000 0.000000 16.000000 0.000000 0.000000 0.000000 -4.000000 0.000000 0.000000 0.000000 6.000000 box5.dat
4 -1 19.000 8.000 9.000 16.000 8.000 6.000 -16.000 8.000 6.000 -19.000 8.000 9.000
4 -1 -19.000 8.000 9.000 -16.000 8.000 6.000 -16.000 8.000 -6.000 -19.000 8.000 -9.000
4 -1 -19.000 8.000 -9.000 -16.000 8.000 -6.000 16.000 8.000 -6.000 19.000 8.000 -9.000
4 -1 19.000 8.000 -9.000 16.000 8.000 -6.000 16.000 8.000 6.000 19.000 8.000 9.000
1 -1 0.000000 8.000000 0.000000 19.000000 0.000000 0.000000 0.000000 -1.000000 0.000000 0.000000 0.000000 9.000000 box4.dat
4 -1 20.000 7.000 10.000 19.000 7.000 9.000 -19.000 7.000 9.000 -20.000 7.000 10.000
4 -1 -20.000 7.000 10.000 -19.000 7.000 9.000 -19.000 7.000 -9.000 -20.000 7.000 -10.000
4 -1 -20.000 7.000 -10.000 -19.000 7.000 -9.000 19.000 7.000 -9.000 20.000 7.000 -10.000
4 -1 20.000 7.000 -10.000 19.000 7.000 -9.000 19.000 7.000 9.000 20.000 7.000 10.000
1 -1 0.000000 7.000000 0.000000 20.000000 0.000000 0.000000 0.000000 -7.000000 0.000000 0.000000 0.000000 10.000000 box5.dat
1 -1 0.000000 0.000000 0.000000 1.000000 0.000000 0.000000 0.000000 1.000000 0.000000 0.000000 0.000000 1.000000 stud2.dat
0 NOFILE
0 FILE 87580.dat
0 Plate, Modified 2 x 2 with Groove and 1 Stud in Center (Jumper)
0 Name:  87580
0 Author:  Joerg Sommerer [Brickaneer]
1 -1 0.000000 0.000000 0.000000 1.000000 0.000000 0.000000 0.000000 1.000000 0.000000 0.000000 0.000000 1.000000 3068b.dat
1 -1 0.000000 0.000000 0.000000 1.000000 0.000000 0.000000 0.000000 1.000000 0.000000 0.000000 0.000000 1.000000 stud2.dat
0 NOFILE
0 FILE 3070b.dat
0 Tile 1 x 1 with Groove
0 Name:  3070b
0 Author:  Chris Dee [cwdee]
1 -1 0.000000 0.000000 0.000000 1.000000 0.000000 0.000000 0.000000 1.000000 0.000000 0.000000 0.000000 1.000000 3070bs01.dat
4 -1 -10.000 0.000 10.000 -10.000 0.000 -10.000 10.000 0.000 -10.000 10.000 0.000 10.000
0 NOFILE
0 FILE 54200.dat
0 Slope 30 1 x 1 x 2/3
0 Name:  54200
0 Author:  Orion Pobursky [OrionP]
2 -2 10.000 -16.000 10.000 10.000 -1.000 10.000
2 -2 -10.000 -16.000 10.000 -10.000 -1.000 10.000
2 -2 -10.000 -4.000 -10.000 -10.000 -1.000 -10.000
2 -2 10.000 -4.000 -10.000 10.000 -1.000 -10.000
2 -2 10.000 -1.000 10.000 -10.000 -1.000 10.000
2 -2 10.000 -1.000 -10.000 -10.000 -1.000 -10.000
2 -2 10.000 -16.000 10.000 -10.000 -16.000 10.000
2 -2 10.000 -4.000 -10.000 -10.000 -4.000 -10.000
2 -2 10.000 -1.000 10.000 10.000 -1.000 -10.000
2 -2 -10.000 -1.000 10.000 -10.000 -1.000 -10.000
2 -2 -10.000 -16.000 10.000 -10.000 -4.000 -10.000
2 -2 10.000 -16.000 10.000 10.000 -4.000 -10.000
4 -1 -10.000 -16.000 10.000 -10.000 -1.000 10.000 -10.000 -1.000 -10.000 -10.000 -4.000 -10.000
4 -1 10.000 -16.000 10.000 10.000 -4.000 -10.000 10.000 -1.000 -10.000 10.000 -1.000 10.000
4 -1 10.000 -16.000 10.000 10.000 -1.000 10.000 -10.000 -1.000 10.000 -10.000 -16.000 10.000
4 -1 6.000 -10.600 6.000 -6.000 -10.600 6.000 -6.000 0.000 6.000 6.000 0.000 6.000
4 -1 6.000 -3.400 -6.000 6.000 0.000 -6.000 -6.000 0.000 -6.000 -6.000 -3.400 -6.000
4 -1 10.000 -4.000 -10.000 -10.000 -4.000 -10.000 -10.000 -1.000 -10.000 10.000 -1.000 -10.000
4 -1 -10.000 -16.000 10.000 -10.000 -4.000 -10.000 10.000 -4.000 -10.000 10.000 -16.000 10.000
2 -2 9.000 0.000 9.000 -9.000 0.000 9.000
2 -2 9.000 0.000 -9.000 -9.000 0.000 -9.000
1 -1 0.000000 -1.000000 0.000000 0.000000 0.000000 9.000000 0.000000 1.000000 0.000000 -9.000000 0.000000 0.000000 box4.dat
4 -1 10.000 -1.000 -10.000 9.000 -1.000 -9.000 9.000 -1.000 9.000 10.000 -1.000 10.000
4 -1 -10.000 -1.000 10.000 -9.000 -1.000 9.000 -9.000 -1.000 -9.000 -10.000 -1.000 -10.000
4 -1 10.000 -1.000 10.000 9.000 -1.000 9.000 -9.000 -1.000 9.000 -10.000 -1.000 10.000
4 -1 -10.000 -1.000 -10.000 -9.000 -1.000 -9.000 9.000 -1.000 -9.000 10.000 -1.000 -10.000
4 -1 6.000 0.000 -6.000 6.000 0.000 6.000 9.000 0.000 9.000 9.000 0.000 -9.000
4 -1 -6.000 0.000 6.000 -6.000 0.000 -6.000 -9.000 0.000 -9.000 -9.000 0.000 9.000
4 -1 -6.000 0.000 -6.000 6.000 0.000 -6.000 9.000 0.000 -9.000 -9.000 0.000 -9.000
4 -1 6.000 0.000 6.000 -6.000 0.000 6.000 -9.000 0.000 9.000 9.000 0.000 9.000
4 -1 6.000 -10.600 6.000 6.000 0.000 6.000 6.000 0.000 -6.000 6.000 -3.400 -6.000
4 -1 -6.000 -10.600 6.000 -6.000 -3.400 -6.000 -6.000 0.000 -6.000 -6.000 0.000 6.000
2 -2 6.000 0.000 6.000 -6.000 0.000 6.000
2 -2 6.000 0.000 -6.000 -6.000 0.000 -6.000
2 -2 6.000 0.000 -6.000 6.000 0.000 6.000
2 -2 -6.000 0.000 -6.000 -6.000 0.000 6.000
2 -2 6.000 -10.600 6.000 -6.000 -10.600 6.000
2 -2 6.000 -3.400 -6.000 -6.000 -3.400 -6.000
2 -2 6.000 -3.400 -6.000 6.000 -10.600 6.000
2 -2 -6.000 -3.400 -6.000 -6.000 -10.600 6.000
2 -2 -6.000 -10.600 6.000 -6.000 0.000 6.000
2 -2 6.000 -10.600 6.000 6.000 0.000 6.000
2 -2 6.000 -3.400 -6.000 6.000 0.000 -6.000
2 -2 -6.000 -3.400 -6.000 -6.000 0.000 -6.000
4 -1 -6.000 -10.600 6.000 6.000 -10.600 6.000 6.000 -4.000 -5.000 -6.000 -4.000 -5.000
3 -1 -3.109 -4.000 -5.000 -2.296 -4.000 -5.543 -2.296 -3.674 -5.543
2 -2 -2.296 -4.000 -5.543 -2.296 -3.674 -5.543
4 -1 -2.296 -4.000 -5.543 0.000 -4.000 -6.000 0.000 -3.400 -6.000 -2.296 -3.674 -5.543
5 -2 0.000 -4.000 -6.000 0.000 -3.400 -6.000
4 -1 0.000 -4.000 -6.000 2.296 -4.000 -5.543 2.296 -3.674 -5.543 0.000 -3.400 -6.000
2 -2 2.296 -4.000 -5.543 2.296 -3.674 -5.543
3 -1 3.109 -4.000 -5.000 2.296 -3.674 -5.543 2.296 -4.000 -5.543
2 -2 -3.109 -4.000 -5.000 -2.296 -4.000 -5.543
2 -2 -2.296 -4.000 -5.543 0.000 -4.000 -6.000
2 -2 2.296 -4.000 -5.543 0.000 -4.000 -6.000
2 -2 3.109 -4.000 -5.000 2.296 -4.000 -5.543
2 -2 -3.109 -4.000 -5.000 -2.296 -3.674 -5.543
2 -2 -2.296 -3.674 -5.543 0.000 -3.400 -6.000
2 -2 2.296 -3.674 -5.543 0.000 -3.400 -6.000
2 -2 3.109 -4.000 -5.000 2.296 -3.674 -5.543
2 -2 -3.109 -4.000 -5.000 3.109 -4.000 -5.000
4 -1 -3.109 -4.000 -5.000 0.000 -4.000 -5.000 0.000 -4.000 -6.000 -2.296 -4.000 -5.543
4 -1 3.109 -4.000 -5.000 2.296 -4.000 -5.543 0.000 -4.000 -6.000 0.000 -4.000 -5.000
4 -1 -3.109 -4.000 -5.000 -2.296 -3.674 -5.543 -6.000 -3.400 -6.000 -6.000 -4.000 -5.000
3 -1 -6.000 -3.400 -6.000 -2.296 -3.674 -5.543 0.000 -3.400 -6.000
4 -1 3.109 -4.000 -5.000 6.000 -4.000 -5.000 6.000 -3.400 -6.000 2.296 -3.674 -5.543
3 -1 6.000 -3.400 -6.000 0.000 -3.400 -6.000 2.296 -3.674 -5.543
0 NOFILE
0 FILE 3069b.dat
0 Tile 1 x 2 with Groove
0 Name:  3069b
0 Author:  Santeri Piippo [arezey]
4 -1 20.000 0.000 -10.000 20.000 0.000 10.000 -20.000 0.000 10.000 -20.000 0.000 -10.000
1 -1 0.000000 0.000000 0.000000 1.000000 0.000000 0.000000 0.000000 1.000000 0.000000 0.000000 0.000000 1.000000 3069bs01.dat
0 NOFILE
0 FILE 95228.dat
0 Minifig, Utensil Bottle
0 Name:  95228
0 Author:  Magnus Forsberg [MagFors]
1 -1 0.000000 0.000000 0.000000 1.000000 0.000000 0.000000 0.000000 1.000000 0.000000 0.000000 0.000000 1.000000 95228s01.dat
1 -1 0.000000 24.000000 0.000000 -7.071100 0.000000 7.071100 0.000000 19.000000 0.000000 -7.071100 0.000000 -7.071100 1-4cyli.dat
0 NOFILE
0 FILE 2343.dat
0 Minifig, Utensil Goblet
0 Name:  2343
0 Author:  James Jessiman
1 -1 0.000000 36.000000 0.000000 1.000000 0.000000 0.000000 0.000000 -1.000000 0.000000 0.000000 0.000000 1.000000 stud4o.dat
1 -1 0.000000 40.000000 0.000000 1.000000 0.000000 0.000000 0.000000 -1.000000 0.000000 0.000000 0.000000 1.000000 4-4ring8.dat
1 -1 0.000000 40.000000 0.000000 9.000000 0.000000 0.000000 0.000000 1.000000 0.000000 0.000000 0.000000 9.000000 4-4edge.dat
1 -1 0.000000 36.000000 0.000000 9.000000 0.000000 0.000000 0.000000 4.000000 0.000000 0.000000 0.000000 9.000000 4-4cyli.dat
1 -1 0.000000 36.000000 0.000000 6.000000 0.000000 0.000000 0.000000 -8.000000 0.000000 0.000000 0.000000 6.000000 t04o5000.dat
1 -1 0.000000 36.000000 0.000000 0.000000 0.000000 6.000000 0.000000 -8.000000 0.000000 -6.000000 0.000000 0.000000 t04o5000.dat
1 -1 0.000000 36.000000 0.000000 -6.000000 0.000000 0.000000 0.000000 -8.000000 0.000000 0.000000 0.000000 -6.000000 t04o5000.dat
1 -1 0.000000 36.000000 0.000000 0.000000 0.000000 -6.000000 0.000000 -8.000000 0.000000 6.000000 0.000000 0.000000 t04o5000.dat
1 -1 0.000000 32.000000 0.000000 2.000000 0.000000 0.000000 0.000000 1.000000 0.000000 0.000000 0.000000 2.000000 4-4ring2.dat
1 -1 0.000000 18.000000 0.000000 4.000000 0.000000 0.000000 0.000000 14.000000 0.000000 0.000000 0.000000 4.000000 4-4cylo.dat
1 -1 0.000000 18.000000 0.000000 2.000000 0.000000 0.000000 0.000000 -1.000000 0.000000 0.000000 0.000000 2.000000 4-4ring2.dat
1 -1 0.000000 18.000000 0.000000 1.000000 0.000000 0.000000 0.000000 -1.000000 0.000000 0.000000 0.000000 1.000000 4-4ring6.dat
1 -1 0.000000 17.000000 0.000000 7.000000 0.000000 0.000000 0.000000 7.000000 0.000000 0.000000 0.000000 7.000000 t04o1429.dat
1 -1 0.000000 17.000000 0.000000 0.000000 0.000000 -7.000000 0.000000 7.000000 0.000000 7.000000 0.000000 0.000000 t04o1429.dat
1 -1 0.000000 17.000000 0.000000 -7.000000 0.000000 0.000000 0.000000 7.000000 0.000000 0.000000 0.000000 -7.000000 t04o1429.dat
1 -1 0.000000 17.000000 0.000000 0.000000 0.000000 7.000000 0.000000 7.000000 0.000000 -7.000000 0.000000 0.000000 t04o1429.dat
1 -1 0.000000 0.000000 0.000000 2.000000 0.000000 0.000000 0.000000 17.000000 0.000000 0.000000 0.000000 2.000000 4-4con4.dat
1 -1 0.000000 0.000000 0.000000 2.000000 0.000000 0.000000 0.000000 1.000000 0.000000 0.000000 0.000000 2.000000 4-4ring4.dat
1 -1 0.000000 0.000000 0.000000 10.000000 0.000000 0.000000 0.000000 1.000000 0.000000 0.000000 0.000000 10.000000 4-4edge.dat
1 -1 0.000000 5.000000 0.000000 -8.000000 0.000000 0.000000 0.000000 -5.000000 0.000000 0.000000 0.000000 8.000000 4-4cylo.dat
1 -1 0.000000 5.000000 0.000000 0.500000 0.000000 0.000000 0.000000 1.000000 0.000000 0.000000 0.000000 0.500000 4-4rin15.dat
1 -1 0.000000 5.000000 0.000000 7.500000 0.000000 0.000000 0.000000 1.000000 0.000000 0.000000 0.000000 7.500000 4-4edge.dat
1 -1 0.000000 5.000000 0.000000 1.500000 0.000000 0.000000 0.000000 11.000000 0.000000 0.000000 0.000000 1.500000 4-4con4.dat
1 -1 0.000000 16.000000 0.000000 6.000000 0.000000 0.000000 0.000000 1.000000 0.000000 0.000000 0.000000 6.000000 4-4disc.dat
1 -1 0.000000 16.000000 0.000000 6.000000 0.000000 0.000000 0.000000 1.000000 0.000000 0.000000 0.000000 6.000000 4-4edge.dat
0 NOFILE
0 FILE 4589b.dat
0 Cone 1 x 1 with Top Groove
0 Name:  4589b
0 Author:  Michael Heidemann [mikeheide]
1 -1 0.000000 24.000000 0.000000 2.000000 0.000000 0.000000 0.000000 -2.500000 0.000000 0.000000 0.000000 2.000000 4-4ring3.dat
1 -1 0.000000 24.000000 0.000000 6.000000 0.000000 0.000000 0.000000 2.500000 0.000000 0.000000 0.000000 6.000000 4-4edge.dat
1 -1 0.000000 24.000000 0.000000 -6.000000 0.000000 0.000000 0.000000 -5.000000 0.000000 0.000000 0.000000 6.000000 4-4cyli.dat
1 -1 0.000000 19.000000 0.000000 8.000000 0.000000 0.000000 0.000000 5.000000 0.000000 0.000000 0.000000 8.000000 4-4cylo.dat
1 -1 0.000000 18.000000 0.000000 6.000000 0.000000 0.000000 0.000000 1.000000 0.000000 0.000000 0.000000 6.000000 4-4cyli.dat
1 -1 0.000000 18.000000 0.000000 1.000000 0.000000 0.000000 0.000000 1.000000 0.000000 0.000000 0.000000 1.000000 axl3hol3.dat
1 -1 0.000000 18.000000 0.000000 0.000000 0.000000 -1.000000 0.000000 -1.000000 0.000000 -1.000000 0.000000 0.000000 axl3ho10.dat
1 -1 0.000000 18.000000 0.000000 0.000000 0.000000 -1.000000 0.000000 -1.000000 0.000000 -1.000000 0.000000 0.000000 axl3hol9.dat
1 -1 0.000000 8.000000 0.000000 1.000000 0.000000 0.000000 0.000000 10.000000 0.000000 0.000000 0.000000 1.000000 axl3hol8.dat
1 -1 0.000000 8.000000 0.000000 1.000000 0.000000 0.000000 0.000000 1.000000 0.000000 0.000000 0.000000 1.000000 axl3hol2.dat
1 -1 0.000000 8.000000 0.000000 0.000000 0.000000 -1.000000 0.000000 -1.000000 0.000000 -1.000000 0.000000 0.000000 axl3hol9.dat
1 -1 0.000000 8.000000 0.000000 1.000000 0.000000 0.000000 0.000000 1.000000 0.000000 0.000000 0.000000 1.000000 axl3ho10.dat
1 -1 0.000000 8.000000 0.000000 -2.000000 0.000000 0.000000 0.000000 -1.000000 0.000000 0.000000 0.000000 2.000000 4-4ring2.dat
1 -1 0.000000 8.000000 0.000000 4.000000 0.000000 0.000000 0.000000 1.000000 0.000000 0.000000 0.000000 4.000000 4-4edge.dat
1 -1 0.000000 0.000000 0.000000 4.000000 0.000000 0.000000 0.000000 8.000000 0.000000 0.000000 0.000000 4.000000 4-4cyli.dat
1 -1 0.000000 0.000000 0.000000 1.000000 0.000000 0.000000 0.000000 1.000000 0.000000 0.000000 0.000000 1.000000 stud2a.dat
1 -1 0.000000 0.000000 0.000000 6.000000 0.000000 0.000000 0.000000 1.000000 0.000000 0.000000 0.000000 6.000000 4-4edge.dat
1 -1 0.000000 0.000000 0.000000 0.500000 0.000000 0.000000 0.000000 1.000000 0.000000 0.000000 0.000000 0.500000 4-4rin12.dat
1 -1 0.000000 0.000000 0.000000 6.500000 0.000000 0.000000 0.000000 1.000000 0.000000 0.000000 0.000000 6.500000 4-4edge.dat
1 -1 0.000000 19.000000 0.000000 -2.000000 0.000000 0.000000 0.000000 -1.000000 0.000000 0.000000 0.000000 2.000000 4-4ring4.dat
1 -1 0.000000 19.000000 0.000000 10.000000 0.000000 0.000000 0.000000 1.000000 0.000000 0.000000 0.000000 10.000000 4-4edge.dat
1 -1 0.000000 19.000000 0.000000 -2.000000 0.000000 0.000000 0.000000 -10.500000 0.000000 0.000000 0.000000 2.000000 4-4con4.dat
1 -1 0.000000 8.500000 0.000000 -1.000000 0.000000 0.000000 0.000000 -5.500000 0.000000 0.000000 0.000000 1.000000 4-4con7.dat
1 -1 0.000000 3.000000 0.000000 -0.500000 0.000000 0.000000 0.000000 -3.000000 0.000000 0.000000 0.000000 0.500000 4-4con13.dat
0 NOFILE
0 FILE 98138.dat
0 Tile, Round 1 x 1
0 Name:  98138
0 Author:  Magnus Forsberg [MagFors]
1 -1 0.000000 0.000000 0.000000 1.000000 0.000000 0.000000 0.000000 1.000000 0.000000 0.000000 0.000000 1.000000 98138s01.dat
1 -1 0.000000 0.000000 0.000000 9.000000 0.000000 0.000000 0.000000 1.000000 0.000000 0.000000 0.000000 9.000000 4-4disc.dat
0 NOFILE
0 FILE stud4.dat
0 Stud Tube Open
0 Name:  stud4.dat
0 Author:  James Jessiman
1 -1 0.000000 -4.000000 0.000000 6.000000 0.000000 0.000000 0.000000 1.000000 0.000000 0.000000 0.000000 6.000000 4-4edge.dat
1 -1 0.000000 -4.000000 0.000000 8.000000 0.000000 0.000000 0.000000 1.000000 0.000000 0.000000 0.000000 8.000000 4-4edge.dat
1 -1 0.000000 0.000000 0.000000 6.000000 0.000000 0.000000 0.000000 1.000000 0.000000 0.000000 0.000000 6.000000 4-4edge.dat
1 -1 0.000000 0.000000 0.000000 8.000000 0.000000 0.000000 0.000000 1.000000 0.000000 0.000000 0.000000 8.000000 4-4edge.dat
1 -1 0.000000 -4.000000 0.000000 6.000000 0.000000 0.000000 0.000000 4.000000 0.000000 0.000000 0.000000 6.000000 4-4cyli.dat
1 -1 0.000000 -4.000000 0.000000 8.000000 0.000000 0.000000 0.000000 4.000000 0.000000 0.000000 0.000000 8.000000 4-4cyli.dat
1 -1 0.000000 -4.000000 0.000000 2.000000 0.000000 0.000000 0.000000 1.000000 0.000000 0.000000 0.000000 2.000000 4-4ring3.dat
0 NOFILE
0 FILE 4-4disc.dat
0 Disc 1.0
0 Name:  4-4disc.dat
0 Author:  James Jessiman
3 -1 0.000 0.000 0.000 1.000 0.000 0.000 0.924 0.000 0.383
3 -1 0.000 0.000 0.000 0.924 0.000 0.383 0.707 0.000 0.707
3 -1 0.000 0.000 0.000 0.707 0.000 0.707 0.383 0.000 0.924
3 -1 0.000 0.000 0.000 0.383 0.000 0.924 0.000 0.000 1.000
3 -1 0.000 0.000 0.000 0.000 0.000 1.000 -0.383 0.000 0.924
3 -1 0.000 0.000 0.000 -0.383 0.000 0.924 -0.707 0.000 0.707
3 -1 0.000 0.000 0.000 -0.707 0.000 0.707 -0.924 0.000 0.383
3 -1 0.000 0.000 0.000 -0.924 0.000 0.383 -1.000 0.000 0.000
3 -1 0.000 0.000 0.000 -1.000 0.000 0.000 -0.924 0.000 -0.383
3 -1 0.000 0.000 0.000 -0.924 0.000 -0.383 -0.707 0.000 -0.707
3 -1 0.000 0.000 0.000 -0.707 0.000 -0.707 -0.383 0.000 -0.924
3 -1 0.000 0.000 0.000 -0.383 0.000 -0.924 0.000 0.000 -1.000
3 -1 0.000 0.000 0.000 0.000 0.000 -1.000 0.383 0.000 -0.924
3 -1 0.000 0.000 0.000 0.383 0.000 -0.924 0.707 0.000 -0.707
3 -1 0.000 0.000 0.000 0.707 0.000 -0.707 0.924 0.000 -0.383
3 -1 0.000 0.000 0.000 0.924 0.000 -0.383 1.000 0.000 0.000
0 NOFILE
0 FILE 4-4ring4.dat
0 Ring 4 x 1.0
0 Name:  4-4ring4.dat
0 Author:  James Jessiman
4 -1 -1.914 0.000 4.620 -1.531 0.000 3.696 0.000 0.000 4.000 0.000 0.000 5.000
4 -1 -3.536 0.000 3.536 -2.828 0.000 2.828 -1.531 0.000 3.696 -1.914 0.000 4.620
4 -1 -4.620 0.000 1.914 -3.696 0.000 1.531 -2.828 0.000 2.828 -3.536 0.000 3.536
4 -1 -5.000 0.000 0.000 -4.000 0.000 0.000 -3.696 0.000 1.531 -4.620 0.000 1.914
4 -1 -4.620 0.000 -1.914 -3.696 0.000 -1.531 -4.000 0.000 0.000 -5.000 0.000 0.000
4 -1 -3.536 0.000 -3.536 -2.828 0.000 -2.828 -3.696 0.000 -1.531 -4.620 0.000 -1.914
4 -1 -1.914 0.000 -4.620 -1.531 0.000 -3.696 -2.828 0.000 -2.828 -3.536 0.000 -3.536
4 -1 0.000 0.000 -5.000 0.000 0.000 -4.000 -1.531 0.000 -3.696 -1.914 0.000 -4.620
4 -1 1.914 0.000 -4.620 1.531 0.000 -3.696 0.000 0.000 -4.000 0.000 0.000 -5.000
4 -1 3.536 0.000 -3.536 2.828 0.000 -2.828 1.531 0.000 -3.696 1.914 0.000 -4.620
4 -1 4.620 0.000 -1.914 3.696 0.000 -1.531 2.828 0.000 -2.828 3.536 0.000 -3.536
4 -1 5.000 0.000 0.000 4.000 0.000 0.000 3.696 0.000 -1.531 4.620 0.000 -1.914
4 -1 4.620 0.000 1.914 3.696 0.000 1.531 4.000 0.000 0.000 5.000 0.000 0.000
4 -1 3.536 0.000 3.536 2.828 0.000 2.828 3.696 0.000 1.531 4.620 0.000 1.914
4 -1 1.914 0.000 4.620 1.531 0.000 3.696 2.828 0.000 2.828 3.536 0.000 3.536
4 -1 0.000 0.000 5.000 0.000 0.000 4.000 1.531 0.000 3.696 1.914 0.000 4.620
0 NOFILE
0 FILE 4-4cylo.dat
0 Cylinder Open 1.0
0 Name:  4-4cylo.dat
0 Author:  Mark Kennedy [mkennedy]
1 -1 0.000000 0.000000 0.000000 1.000000 0.000000 0.000000 0.000000 1.000000 0.000000 0.000000 0.000000 1.000000 4-4edge.dat
1 -1 0.000000 1.000000 0.000000 1.000000 0.000000 0.000000 0.000000 1.000000 0.000000 0.000000 0.000000 1.000000 4-4edge.dat
1 -1 0.000000 0.000000 0.000000 1.000000 0.000000 0.000000 0.000000 1.000000 0.000000 0.000000 0.000000 1.000000 4-4cyli.dat
0 NOFILE
0 FILE 4-4ring3.dat
0 Ring 3 x 1.0
0 Name:  4-4ring3.dat
0 Author:  James Jessiman
4 -1 -1.531 0.000 3.696 -1.148 0.000 2.772 0.000 0.000 3.000 0.000 0.000 4.000
4 -1 -2.828 0.000 2.828 -2.121 0.000 2.121 -1.148 0.000 2.772 -1.531 0.000 3.696
4 -1 -3.696 0.000 1.531 -2.772 0.000 1.148 -2.121 0.000 2.121 -2.828 0.000 2.828
4 -1 -4.000 0.000 0.000 -3.000 0.000 0.000 -2.772 0.000 1.148 -3.696 0.000 1.531
4 -1 -3.696 0.000 -1.531 -2.772 0.000 -1.148 -3.000 0.000 0.000 -4.000 0.000 0.000
4 -1 -2.828 0.000 -2.828 -2.121 0.000 -2.121 -2.772 0.000 -1.148 -3.696 0.000 -1.531
4 -1 -1.531 0.000 -3.696 -1.148 0.000 -2.772 -2.121 0.000 -2.121 -2.828 0.000 -2.828
4 -1 0.000 0.000 -4.000 0.000 0.000 -3.000 -1.148 0.000 -2.772 -1.531 0.000 -3.696
4 -1 1.531 0.000 -3.696 1.148 0.000 -2.772 0.000 0.000 -3.000 0.000 0.000 -4.000
4 -1 2.828 0.000 -2.828 2.121 0.000 -2.121 1.148 0.000 -2.772 1.531 0.000 -3.696
4 -1 3.696 0.000 -1.531 2.772 0.000 -1.148 2.121 0.000 -2.121 2.828 0.000 -2.828
4 -1 4.000 0.000 0.000 3.000 0.000 0.000 2.772 0.000 -1.148 3.696 0.000 -1.531
4 -1 3.696 0.000 1.531 2.772 0.000 1.148 3.000 0.000 0.000 4.000 0.000 0.000
4 -1 2.828 0.000 2.828 2.121 0.000 2.121 2.772 0.000 1.148 3.696 0.000 1.531
4 -1 1.531 0.000 3.696 1.148 0.000 2.772 2.121 0.000 2.121 2.828 0.000 2.828
4 -1 0.000 0.000 4.000 0.000 0.000 3.000 1.148 0.000 2.772 1.531 0.000 3.696
0 NOFILE
0 FILE stud.dat
0 Stud
0 Name:  stud.dat
0 Author:  James Jessiman
1 -1 0.000000 0.000000 0.000000 6.000000 0.000000 0.000000 0.000000 1.000000 0.000000 0.000000 0.000000 6.000000 4-4edge.dat
1 -1 0.000000 -4.000000 0.000000 6.000000 0.000000 0.000000 0.000000 1.000000 0.000000 0.000000 0.000000 6.000000 4-4edge.dat
1 -1 0.000000 0.000000 0.000000 6.000000 0.000000 0.000000 0.000000 -4.000000 0.000000 0.000000 0.000000 6.000000 4-4cyli.dat
1 -1 0.000000 -4.000000 0.000000 6.000000 0.000000 0.000000 0.000000 1.000000 0.000000 0.000000 0.000000 6.000000 4-4disc.dat
0 NOFILE
0 FILE box5.dat
0 Box with 5 Faces and All Edges
0 Name:  box5.dat
0 Author:  James Jessiman
2 -2 1.000 1.000 1.000 -1.000 1.000 1.000
2 -2 -1.000 1.000 1.000 -1.000 1.000 -1.000
2 -2 -1.000 1.000 -1.000 1.000 1.000 -1.000
2 -2 1.000 1.000 -1.000 1.000 1.000 1.000
2 -2 1.000 0.000 1.000 -1.000 0.000 1.000
2 -2 -1.000 0.000 1.000 -1.000 0.000 -1.000
2 -2 -1.000 0.000 -1.000 1.000 0.000 -1.000
2 -2 1.000 0.000 -1.000 1.000 0.000 1.000
2 -2 1.000 0.000 1.000 1.000 1.000 1.000
2 -2 -1.000 0.000 1.000 -1.000 1.000 1.000
2 -2 1.000 0.000 -1.000 1.000 1.000 -1.000
2 -2 -1.000 0.000 -1.000 -1.000 1.000 -1.000
4 -1 -1.000 1.000 1.000 1.000 1.000 1.000 1.000 1.000 -1.000 -1.000 1.000 -1.000
4 -1 -1.000 1.000 1.000 -1.000 0.000 1.000 1.000 0.000 1.000 1.000 1.000 1.000
4 -1 -1.000 1.000 -1.000 -1.000 0.000 -1.000 -1.000 0.000 1.000 -1.000 1.000 1.000
4 -1 1.000 1.000 -1.000 1.000 0.000 -1.000 -1.000 0.000 -1.000 -1.000 1.000 -1.000
4 -1 1.000 1.000 1.000 1.000 0.000 1.000 1.000 0.000 -1.000 1.000 1.000 -1.000
0 NOFILE
0 FILE rect.dat
0 Rectangle
0 Name:  rect.dat
0 Author:  James Jessiman
2 -2 1.000 0.000 1.000 -1.000 0.000 1.000
2 -2 -1.000 0.000 1.000 -1.000 0.000 -1.000
2 -2 -1.000 0.000 -1.000 1.000 0.000 -1.000
2 -2 1.000 0.000 -1.000 1.000 0.000 1.000
4 -1 -1.000 0.000 1.000 -1.000 0.000 -1.000 1.000 0.000 -1.000 1.000 0.000 1.000
0 NOFILE
0 FILE 4-4edge.dat
0 Circle 1.0
0 Name:  4-4edge.dat
0 Author:  James Jessiman
2 -2 1.000 0.000 0.000 0.924 0.000 0.383
2 -2 0.924 0.000 0.383 0.707 0.000 0.707
2 -2 0.707 0.000 0.707 0.383 0.000 0.924
2 -2 0.383 0.000 0.924 0.000 0.000 1.000
2 -2 0.000 0.000 1.000 -0.383 0.000 0.924
2 -2 -0.383 0.000 0.924 -0.707 0.000 0.707
2 -2 -0.707 0.000 0.707 -0.924 0.000 0.383
2 -2 -0.924 0.000 0.383 -1.000 0.000 0.000
2 -2 -1.000 0.000 0.000 -0.924 0.000 -0.383
2 -2 -0.924 0.000 -0.383 -0.707 0.000 -0.707
2 -2 -0.707 0.000 -0.707 -0.383 0.000 -0.924
2 -2 -0.383 0.000 -0.924 0.000 0.000 -1.000
2 -2 0.000 0.000 -1.000 0.383 0.000 -0.924
2 -2 0.383 0.000 -0.924 0.707 0.000 -0.707
2 -2 0.707 0.000 -0.707 0.924 0.000 -0.383
2 -2 0.924 0.000 -0.383 1.000 0.000 0.000
0 NOFILE
0 FILE 4-4ndis.dat
0 Disc Negative 1.0
0 Name:  4-4ndis.dat
0 Author:  James Jessiman
3 -1 0.924 0.000 0.383 1.000 0.000 0.000 1.000 0.000 1.000
3 -1 0.707 0.000 0.707 0.924 0.000 0.383 1.000 0.000 1.000
3 -1 0.383 0.000 0.924 0.707 0.000 0.707 1.000 0.000 1.000
3 -1 0.000 0.000 1.000 0.383 0.000 0.924 1.000 0.000 1.000
3 -1 -0.383 0.000 0.924 0.000 0.000 1.000 -1.000 0.000 1.000
3 -1 -0.707 0.000 0.707 -0.383 0.000 0.924 -1.000 0.000 1.000
3 -1 -0.924 0.000 0.383 -0.707 0.000 0.707 -1.000 0.000 1.000
3 -1 -1.000 0.000 0.000 -0.924 0.000 0.383 -1.000 0.000 1.000
3 -1 -0.924 0.000 -0.383 -1.000 0.000 0.000 -1.000 0.000 -1.000
3 -1 -0.707 0.000 -0.707 -0.924 0.000 -0.383 -1.000 0.000 -1.000
3 -1 -0.383 0.000 -0.924 -0.707 0.000 -0.707 -1.000 0.000 -1.000
3 -1 0.000 0.000 -1.000 -0.383 0.000 -0.924 -1.000 0.000 -1.000
3 -1 0.383 0.000 -0.924 0.000 0.000 -1.000 1.000 0.000 -1.000
3 -1 0.707 0.000 -0.707 0.383 0.000 -0.924 1.000 0.000 -1.000
3 -1 0.924 0.000 -0.383 0.707 0.000 -0.707 1.000 0.000 -1.000
3 -1 1.000 0.000 0.000 0.924 0.000 -0.383 1.000 0.000 -1.000
0 NOFILE
0 FILE 4-4cyli.dat
0 Cylinder 1.0
0 Name:  4-4cyli.dat
0 Author:  James Jessiman
4 -1 1.000 1.000 0.000 0.924 1.000 0.383 0.924 0.000 0.383 1.000 0.000 0.000
5 -2 1.000 0.000 0.000 1.000 1.000 0.000
4 -1 0.924 1.000 0.383 0.707 1.000 0.707 0.707 0.000 0.707 0.924 0.000 0.383
5 -2 0.924 0.000 0.383 0.924 1.000 0.383
4 -1 0.707 1.000 0.707 0.383 1.000 0.924 0.383 0.000 0.924 0.707 0.000 0.707
5 -2 0.707 0.000 0.707 0.707 1.000 0.707
4 -1 0.383 1.000 0.924 0.000 1.000 1.000 0.000 0.000 1.000 0.383 0.000 0.924
5 -2 0.383 0.000 0.924 0.383 1.000 0.924
4 -1 0.000 1.000 1.000 -0.383 1.000 0.924 -0.383 0.000 0.924 0.000 0.000 1.000
5 -2 0.000 0.000 1.000 0.000 1.000 1.000
4 -1 -0.383 1.000 0.924 -0.707 1.000 0.707 -0.707 0.000 0.707 -0.383 0.000 0.924
5 -2 -0.383 0.000 0.924 -0.383 1.000 0.924
4 -1 -0.707 1.000 0.707 -0.924 1.000 0.383 -0.924 0.000 0.383 -0.707 0.000 0.707
5 -2 -0.707 0.000 0.707 -0.707 1.000 0.707
4 -1 -0.924 1.000 0.383 -1.000 1.000 0.000 -1.000 0.000 0.000 -0.924 0.000 0.383
5 -2 -0.924 0.000 0.383 -0.924 1.000 0.383
4 -1 -1.000 1.000 0.000 -0.924 1.000 -0.383 -0.924 0.000 -0.383 -1.000 0.000 0.000
5 -2 -1.000 0.000 0.000 -1.000 1.000 0.000
4 -1 -0.924 1.000 -0.383 -0.707 1.000 -0.707 -0.707 0.000 -0.707 -0.924 0.000 -0.383
5 -2 -0.924 0.000 -0.383 -0.924 1.000 -0.383
4 -1 -0.707 1.000 -0.707 -0.383 1.000 -0.924 -0.383 0.000 -0.924 -0.707 0.000 -0.707
5 -2 -0.707 0.000 -0.707 -0.707 1.000 -0.707
4 -1 -0.383 1.000 -0.924 0.000 1.000 -1.000 0.000 0.000 -1.000 -0.383 0.000 -0.924
5 -2 -0.383 0.000 -0.924 -0.383 1.000 -0.924
4 -1 0.000 1.000 -1.000 0.383 1.000 -0.924 0.383 0.000 -0.924 0.000 0.000 -1.000
5 -2 0.000 0.000 -1.000 0.000 1.000 -1.000
4 -1 0.383 1.000 -0.924 0.707 1.000 -0.707 0.707 0.000 -0.707 0.383 0.000 -0.924
5 -2 0.383 0.000 -0.924 0.383 1.000 -0.924
4 -1 0.707 1.000 -0.707 0.924 1.000 -0.383 0.924 0.000 -0.383 0.707 0.000 -0.707
5 -2 0.707 0.000 -0.707 0.707 1.000 -0.707
4 -1 0.924 1.000 -0.383 1.000 1.000 0.000 1.000 0.000 0.000 0.924 0.000 -0.383
5 -2 0.924 0.000 -0.383 0.924 1.000 -0.383
0 NOFILE
0 FILE stud2a.dat
0 Stud Open without Base Edges
0 Name:  stud2a.dat
0 Author:  James Jessiman
1 -1 0.000000 -4.000000 0.000000 4.000000 0.000000 0.000000 0.000000 1.000000 0.000000 0.000000 0.000000 4.000000 4-4edge.dat
1 -1 0.000000 -4.000000 0.000000 6.000000 0.000000 0.000000 0.000000 1.000000 0.000000 0.000000 0.000000 6.000000 4-4edge.dat
1 -1 0.000000 -4.000000 0.000000 4.000000 0.000000 0.000000 0.000000 4.000000 0.000000 0.000000 0.000000 4.000000 4-4cyli.dat
1 -1 0.000000 -4.000000 0.000000 6.000000 0.000000 0.000000 0.000000 4.000000 0.000000 0.000000 0.000000 6.000000 4-4cyli.dat
1 -1 0.000000 -4.000000 0.000000 2.000000 0.000000 0.000000 0.000000 1.000000 0.000000 0.000000 0.000000 2.000000 4-4ring2.dat
0 NOFILE
0 FILE stud3.dat
0 Stud Tube Solid
0 Name:  stud3.dat
0 Author:  James Jessiman
1 -1 0.000000 -4.000000 0.000000 4.000000 0.000000 0.000000 0.000000 1.000000 0.000000 0.000000 0.000000 4.000000 4-4edge.dat
1 -1 0.000000 0.000000 0.000000 4.000000 0.000000 0.000000 0.000000 1.000000 0.000000 0.000000 0.000000 4.000000 4-4edge.dat
1 -1 0.000000 -4.000000 0.000000 4.000000 0.000000 0.000000 0.000000 1.000000 0.000000 0.000000 0.000000 4.000000 4-4disc.dat
1 -1 0.000000 -4.000000 0.000000 4.000000 0.000000 0.000000 0.000000 4.000000 0.000000 0.000000 0.000000 4.000000 4-4cyli.dat
0 NOFILE
0 FILE stud23.dat
0 Stud Tube Open Square
0 Name:  stud23.dat
0 Author:  Philippe Hurbain [Philo]
1 -1 0.000000 0.000000 0.000000 6.000000 0.000000 0.000000 0.000000 4.000000 0.000000 0.000000 0.000000 6.000000 box5.dat
0 NOFILE
0 FILE box2-5.dat
0 Box with 2 Faces without 5 Edges
0 Name:  box2-5.dat
0 Author:  Steffen [Steffen]
2 -2 1.000 1.000 1.000 -1.000 1.000 1.000
2 -2 1.000 1.000 -1.000 -1.000 1.000 -1.000
2 -2 1.000 -1.000 1.000 -1.000 -1.000 1.000
2 -2 -1.000 -1.000 1.000 -1.000 1.000 1.000
2 -2 1.000 -1.000 1.000 1.000 1.000 1.000
2 -2 -1.000 1.000 -1.000 -1.000 1.000 1.000
2 -2 1.000 1.000 -1.000 1.000 1.000 1.000
4 -1 1.000 1.000 1.000 1.000 1.000 -1.000 -1.000 1.000 -1.000 -1.000 1.000 1.000
4 -1 1.000 1.000 1.000 -1.000 1.000 1.000 -1.000 -1.000 1.000 1.000 -1.000 1.000
0 NOFILE
0 FILE box3u2p.dat
0 Box with 3 Faces without 2 Parallel Edges
0 Name:  box3u2p.dat
0 Author:  Niels Karsdorp [nielsk]
2 -2 1.000 1.000 1.000 -1.000 1.000 1.000
2 -2 -1.000 1.000 -1.000 1.000 1.000 -1.000
2 -2 1.000 0.000 1.000 -1.000 0.000 1.000
2 -2 -1.000 0.000 -1.000 1.000 0.000 -1.000
2 -2 1.000 1.000 1.000 1.000 1.000 -1.000
2 -2 -1.000 1.000 1.000 -1.000 1.000 -1.000
2 -2 1.000 1.000 1.000 1.000 0.000 1.000
2 -2 1.000 1.000 -1.000 1.000 0.000 -1.000
2 -2 -1.000 1.000 1.000 -1.000 0.000 1.000
2 -2 -1.000 1.000 -1.000 -1.000 0.000 -1.000
4 -1 -1.000 1.000 -1.000 -1.000 1.000 1.000 1.000 1.000 1.000 1.000 1.000 -1.000
4 -1 -1.000 1.000 1.000 -1.000 0.000 1.000 1.000 0.000 1.000 1.000 1.000 1.000
4 -1 1.000 1.000 -1.000 1.000 0.000 -1.000 -1.000 0.000 -1.000 -1.000 1.000 -1.000
0 NOFILE
0 FILE box3u4a.dat
0 Box with 3 Faces without 4 Adjacent Edges
0 Name:  box3u4a.dat
0 Author:  Niels Karsdorp [nielsk]
2 -2 1.000 1.000 1.000 -1.000 1.000 1.000
2 -2 -1.000 1.000 -1.000 1.000 1.000 -1.000
2 -2 1.000 1.000 1.000 1.000 1.000 -1.000
2 -2 -1.000 1.000 1.000 -1.000 1.000 -1.000
2 -2 1.000 1.000 1.000 1.000 0.000 1.000
2 -2 1.000 1.000 -1.000 1.000 0.000 -1.000
2 -2 -1.000 1.000 1.000 -1.000 0.000 1.000
2 -2 -1.000 1.000 -1.000 -1.000 0.000 -1.000
4 -1 -1.000 1.000 -1.000 -1.000 1.000 1.000 1.000 1.000 1.000 1.000 1.000 -1.000
4 -1 -1.000 1.000 1.000 -1.000 0.000 1.000 1.000 0.000 1.000 1.000 1.000 1.000
4 -1 1.000 1.000 -1.000 1.000 0.000 -1.000 -1.000 0.000 -1.000 -1.000 1.000 -1.000
0 NOFILE
0 FILE box3-5a.dat
0 Box with 3 Adjacent Faces without 5 Adjacent Edges
0 Name:  box3-5a.dat
0 Author:  Philippe Hurbain [Philo]
2 -2 1.000 1.000 1.000 -1.000 1.000 1.000
2 -2 -1.000 1.000 1.000 -1.000 1.000 -1.000
2 -2 1.000 1.000 -1.000 1.000 1.000 1.000
2 -2 1.000 -1.000 1.000 -1.000 -1.000 1.000
2 -2 1.000 -1.000 -1.000 1.000 -1.000 1.000
2 -2 1.000 -1.000 1.000 1.000 1.000 1.000
2 -2 -1.000 -1.000 1.000 -1.000 1.000 1.000
4 -1 1.000 1.000 1.000 1.000 1.000 -1.000 -1.000 1.000 -1.000 -1.000 1.000 1.000
4 -1 1.000 1.000 1.000 1.000 -1.000 1.000 1.000 -1.000 -1.000 1.000 1.000 -1.000
4 -1 1.000 1.000 1.000 -1.000 1.000 1.000 -1.000 -1.000 1.000 1.000 -1.000 1.000
0 NOFILE
0 FILE 1-6edge.dat
0 Hi-Res Circle 0.1667
0 Name:  48\1-6edge.dat
0 Author:  Mark Kennedy [mkennedy]
2 -2 1.000 0.000 0.000 0.991 0.000 0.131
2 -2 0.991 0.000 0.131 0.966 0.000 0.259
2 -2 0.966 0.000 0.259 0.924 0.000 0.383
2 -2 0.924 0.000 0.383 0.866 0.000 0.500
2 -2 0.866 0.000 0.500 0.793 0.000 0.609
2 -2 0.793 0.000 0.609 0.707 0.000 0.707
2 -2 0.707 0.000 0.707 0.609 0.000 0.793
2 -2 0.609 0.000 0.793 0.500 0.000 0.866
0 NOFILE
0 FILE 1-4edge.dat
0 Circle 0.25
0 Name:  1-4edge.dat
0 Author:  James Jessiman
2 -2 1.000 0.000 0.000 0.924 0.000 0.383
2 -2 0.924 0.000 0.383 0.707 0.000 0.707
2 -2 0.707 0.000 0.707 0.383 0.000 0.924
2 -2 0.383 0.000 0.924 0.000 0.000 1.000
0 NOFILE
0 FILE box4.dat
0 Box with 4 Faces (2 Parallel Pairs) and All Edges
0 Name:  box4.dat
0 Author:  James Jessiman
2 -2 1.000 1.000 1.000 -1.000 1.000 1.000
2 -2 -1.000 1.000 1.000 -1.000 1.000 -1.000
2 -2 -1.000 1.000 -1.000 1.000 1.000 -1.000
2 -2 1.000 1.000 -1.000 1.000 1.000 1.000
2 -2 1.000 0.000 1.000 -1.000 0.000 1.000
2 -2 -1.000 0.000 1.000 -1.000 0.000 -1.000
2 -2 -1.000 0.000 -1.000 1.000 0.000 -1.000
2 -2 1.000 0.000 -1.000 1.000 0.000 1.000
2 -2 1.000 0.000 1.000 1.000 1.000 1.000
2 -2 -1.000 0.000 1.000 -1.000 1.000 1.000
2 -2 1.000 0.000 -1.000 1.000 1.000 -1.000
2 -2 -1.000 0.000 -1.000 -1.000 1.000 -1.000
4 -1 -1.000 1.000 1.000 -1.000 0.000 1.000 1.000 0.000 1.000 1.000 1.000 1.000
4 -1 -1.000 1.000 -1.000 -1.000 0.000 -1.000 -1.000 0.000 1.000 -1.000 1.000 1.000
4 -1 1.000 1.000 -1.000 1.000 0.000 -1.000 -1.000 0.000 -1.000 -1.000 1.000 -1.000
4 -1 1.000 1.000 1.000 1.000 0.000 1.000 1.000 0.000 -1.000 1.000 1.000 -1.000
0 NOFILE
0 FILE stud2.dat
0 Stud Open
0 Name:  stud2.dat
0 Author:  James Jessiman
1 -1 0.000000 0.000000 0.000000 4.000000 0.000000 0.000000 0.000000 1.000000 0.000000 0.000000 0.000000 4.000000 4-4edge.dat
1 -1 0.000000 0.000000 0.000000 6.000000 0.000000 0.000000 0.000000 1.000000 0.000000 0.000000 0.000000 6.000000 4-4edge.dat
1 -1 0.000000 -4.000000 0.000000 4.000000 0.000000 0.000000 0.000000 1.000000 0.000000 0.000000 0.000000 4.000000 4-4edge.dat
1 -1 0.000000 -4.000000 0.000000 6.000000 0.000000 0.000000 0.000000 1.000000 0.000000 0.000000 0.000000 6.000000 4-4edge.dat
1 -1 0.000000 -4.000000 0.000000 4.000000 0.000000 0.000000 0.000000 4.000000 0.000000 0.000000 0.000000 4.000000 4-4cyli.dat
1 -1 0.000000 -4.000000 0.000000 6.000000 0.000000 0.000000 0.000000 4.000000 0.000000 0.000000 0.000000 6.000000 4-4cyli.dat
1 -1 0.000000 -4.000000 0.000000 2.000000 0.000000 0.000000 0.000000 1.000000 0.000000 0.000000 0.000000 2.000000 4-4ring2.dat
0 NOFILE
0 FILE 3068b.dat
0 Tile 2 x 2 with Groove
0 Name:  3068b
0 Author:  Damien Guichard [BrickCaster]
1 -1 0.000000 0.000000 0.000000 1.000000 0.000000 0.000000 0.000000 1.000000 0.000000 0.000000 0.000000 1.000000 3068bs01.dat
4 -1 -20.000 0.000 -20.000 20.000 0.000 -20.000 20.000 0.000 20.000 -20.000 0.000 20.000
0 NOFILE
0 FILE 3070bs01.dat
0 ~Tile 1 x 1 with Groove without Top Face
0 Name:  s\3070bs01.dat
0 Author:  Chris Dee [cwdee]
1 -1 0.000000 0.000000 0.000000 10.000000 0.000000 0.000000 0.000000 7.000000 0.000000 0.000000 0.000000 10.000000 box4.dat
1 -1 0.000000 8.000000 0.000000 6.000000 0.000000 0.000000 0.000000 -4.000000 0.000000 0.000000 0.000000 6.000000 box5.dat
1 -1 0.000000 7.000000 0.000000 9.000000 0.000000 0.000000 0.000000 1.000000 0.000000 0.000000 0.000000 9.000000 box4.dat
4 -1 9.000 8.000 9.000 6.000 8.000 6.000 -6.000 8.000 6.000 -9.000 8.000 9.000
4 -1 -9.000 8.000 9.000 -6.000 8.000 6.000 -6.000 8.000 -6.000 -9.000 8.000 -9.000
4 -1 -9.000 8.000 -9.000 -6.000 8.000 -6.000 6.000 8.000 -6.000 9.000 8.000 -9.000
4 -1 9.000 8.000 -9.000 6.000 8.000 -6.000 6.000 8.000 6.000 9.000 8.000 9.000
4 -1 10.000 7.000 10.000 9.000 7.000 9.000 -9.000 7.000 9.000 -10.000 7.000 10.000
4 -1 -10.000 7.000 10.000 -9.000 7.000 9.000 -9.000 7.000 -9.000 -10.000 7.000 -10.000
4 -1 -10.000 7.000 -10.000 -9.000 7.000 -9.000 9.000 7.000 -9.000 10.000 7.000 -10.000
4 -1 10.000 7.000 -10.000 9.000 7.000 -9.000 9.000 7.000 9.000 10.000 7.000 10.000
0 NOFILE
0 FILE 3069bs01.dat
0 ~Tile 1 x 2 with Groove without Top Face
0 Name:  s\3069bs01.dat
0 Author:  Santeri Piippo [arezey]
1 -1 0.000000 0.000000 0.000000 20.000000 0.000000 0.000000 0.000000 7.000000 0.000000 0.000000 0.000000 10.000000 box4.dat
1 -1 0.000000 7.000000 0.000000 19.000000 0.000000 0.000000 0.000000 1.000000 0.000000 0.000000 0.000000 9.000000 box4.dat
1 -1 0.000000 8.000000 0.000000 16.000000 0.000000 0.000000 0.000000 -4.000000 0.000000 0.000000 0.000000 6.000000 box5.dat
4 -1 -19.000 8.000 9.000 -16.000 8.000 6.000 -16.000 8.000 -6.000 -19.000 8.000 -9.000
4 -1 19.000 8.000 -9.000 16.000 8.000 -6.000 16.000 8.000 6.000 19.000 8.000 9.000
4 -1 19.000 8.000 9.000 16.000 8.000 6.000 -16.000 8.000 6.000 -19.000 8.000 9.000
4 -1 -19.000 8.000 -9.000 -16.000 8.000 -6.000 16.000 8.000 -6.000 19.000 8.000 -9.000
4 -1 -20.000 7.000 10.000 -19.000 7.000 9.000 -19.000 7.000 -9.000 -20.000 7.000 -10.000
4 -1 20.000 7.000 -10.000 19.000 7.000 -9.000 19.000 7.000 9.000 20.000 7.000 10.000
4 -1 20.000 7.000 10.000 19.000 7.000 9.000 -19.000 7.000 9.000 -20.000 7.000 10.000
4 -1 -20.000 7.000 -10.000 -19.000 7.000 -9.000 19.000 7.000 -9.000 20.000 7.000 -10.000
0 NOFILE
0 FILE 95228s01.dat
0 ~Minifig Bottle 1 x 1 x 2 Cylindrical without Patterned Area
0 Name:  s\95228s01.dat
0 Author:  Magnus Forsberg [MagFors]
1 -1 0.000000 43.000000 0.000000 5.000000 0.000000 0.000000 0.000000 1.000000 0.000000 0.000000 0.000000 5.000000 4-4edge.dat
1 -1 0.000000 24.000000 0.000000 5.000000 0.000000 0.000000 0.000000 1.000000 0.000000 0.000000 0.000000 5.000000 4-4edge.dat
1 -1 0.000000 20.000000 0.000000 2.000000 0.000000 0.000000 0.000000 3.000000 0.000000 0.000000 0.000000 2.000000 4-4cylc.dat
1 -1 0.000000 23.666700 0.000000 2.000000 0.000000 0.000000 0.000000 -0.666700 0.000000 0.000000 0.000000 2.000000 4-4con1.dat
1 -1 0.000000 24.000000 0.000000 1.000000 0.000000 0.000000 0.000000 -0.333300 0.000000 0.000000 0.000000 1.000000 4-4con4.dat
1 -1 0.000000 24.000000 0.000000 5.000000 0.000000 0.000000 0.000000 19.000000 0.000000 0.000000 0.000000 5.000000 4-4cyli.dat
1 -1 0.000000 43.000000 0.000000 6.000000 0.000000 0.000000 0.000000 1.000000 0.000000 0.000000 0.000000 6.000000 4-4edge.dat
1 -1 0.000000 43.000000 0.000000 -1.000000 0.000000 0.000000 0.000000 -1.000000 0.000000 0.000000 0.000000 1.000000 4-4ring5.dat
1 -1 0.000000 43.000000 0.000000 6.000000 0.000000 0.000000 0.000000 1.000000 0.000000 0.000000 0.000000 6.000000 4-4cyli.dat
1 -1 0.000000 43.000000 0.000000 8.000000 0.000000 0.000000 0.000000 1.000000 0.000000 0.000000 0.000000 8.000000 4-4edge.dat
1 -1 0.000000 43.000000 0.000000 8.000000 0.000000 0.000000 0.000000 1.000000 0.000000 0.000000 0.000000 8.000000 4-4cyli.dat
1 -1 0.000000 43.000000 0.000000 10.000000 0.000000 0.000000 0.000000 1.000000 0.000000 0.000000 0.000000 10.000000 4-4edge.dat
1 -1 0.000000 43.000000 0.000000 2.000000 0.000000 0.000000 0.000000 -1.000000 0.000000 0.000000 0.000000 2.000000 4-4ring4.dat
1 -1 0.000000 44.000000 0.000000 1.000000 0.000000 0.000000 0.000000 -1.000000 0.000000 0.000000 0.000000 -1.000000 stud4a.dat
1 -1 0.000000 24.000000 0.000000 7.071100 0.000000 7.071100 0.000000 19.000000 0.000000 -7.071100 0.000000 7.071100 3-4cyli.dat
1 -1 0.000000 24.000000 0.000000 -8.000000 0.000000 0.000000 0.000000 -12.000000 0.000000 0.000000 0.000000 8.000000 t01o2500.dat
1 -1 0.000000 17.500000 0.000000 8.000000 0.000000 0.000000 0.000000 7.000000 0.000000 0.000000 0.000000 8.000000 t04i5000.dat
1 -1 0.000000 17.500000 0.000000 0.000000 0.000000 8.000000 0.000000 7.000000 0.000000 -8.000000 0.000000 0.000000 t04i5000.dat
1 -1 0.000000 17.500000 0.000000 -8.000000 0.000000 0.000000 0.000000 7.000000 0.000000 0.000000 0.000000 -8.000000 t04i5000.dat
1 -1 0.000000 17.500000 0.000000 0.000000 0.000000 -8.000000 0.000000 7.000000 0.000000 8.000000 0.000000 0.000000 t04i5000.dat
1 -1 0.000000 3.454800 0.000000 4.000000 0.000000 0.000000 0.000000 14.045210 0.000000 0.000000 0.000000 4.000000 4-4cyli.dat
1 -1 0.000000 3.454800 0.000000 -5.454794 0.000000 0.000000 0.000000 -5.454794 0.000000 0.000000 0.000000 5.454794 t04i2667.dat
1 -1 0.000000 3.454800 0.000000 0.000000 0.000000 5.454794 0.000000 -5.454794 0.000000 5.454794 0.000000 0.000000 t04i2667.dat
1 -1 0.000000 3.454800 0.000000 5.454794 0.000000 0.000000 0.000000 -5.454794 0.000000 0.000000 0.000000 -5.454794 t04i2667.dat
1 -1 0.000000 3.454800 0.000000 0.000000 0.000000 -5.454794 0.000000 -5.454794 0.000000 -5.454794 0.000000 0.000000 t04i2667.dat
1 -1 0.000000 2.000000 0.000000 0.545479 0.000000 0.000000 0.000000 -1.000000 0.000000 0.000000 0.000000 -0.545479 4-4rin10.dat
1 -1 0.000000 2.000000 0.000000 1.000000 0.000000 0.000000 0.000000 -1.000000 0.000000 0.000000 0.000000 -1.000000 4-4ring6.dat
1 -1 0.000000 0.000000 0.000000 7.000000 0.000000 0.000000 0.000000 2.000000 0.000000 0.000000 0.000000 7.000000 4-4cylo.dat
1 -1 0.000000 0.000000 0.000000 4.000000 0.000000 0.000000 0.000000 1.000000 0.000000 0.000000 0.000000 4.000000 4-4disc.dat
1 -1 0.000000 0.000000 0.000000 1.000000 0.000000 0.000000 0.000000 1.000000 0.000000 0.000000 0.000000 1.000000 4-4ring6.dat
1 -1 0.000000 0.000000 0.000000 1.000000 0.000000 0.000000 0.000000 1.000000 0.000000 0.000000 0.000000 1.000000 stud2.dat
0 NOFILE
0 FILE 1-4cyli.dat
0 Cylinder 0.25
0 Name:  1-4cyli.dat
0 Author:  James Jessiman
4 -1 1.000 1.000 0.000 0.924 1.000 0.383 0.924 0.000 0.383 1.000 0.000 0.000
5 -2 1.000 0.000 0.000 1.000 1.000 0.000
4 -1 0.924 1.000 0.383 0.707 1.000 0.707 0.707 0.000 0.707 0.924 0.000 0.383
5 -2 0.924 0.000 0.383 0.924 1.000 0.383
4 -1 0.707 1.000 0.707 0.383 1.000 0.924 0.383 0.000 0.924 0.707 0.000 0.707
5 -2 0.707 0.000 0.707 0.707 1.000 0.707
4 -1 0.383 1.000 0.924 0.000 1.000 1.000 0.000 0.000 1.000 0.383 0.000 0.924
5 -2 0.383 0.000 0.924 0.383 1.000 0.924
5 -2 0.000 0.000 1.000 0.000 1.000 1.000
0 NOFILE
0 FILE stud4o.dat
0 Stud Tube Open without Outer Cylinder
0 Name:  stud4o.dat
0 Author:  Magnus Forsberg [MagFors]
1 -1 0.000000 -4.000000 0.000000 2.000000 0.000000 0.000000 0.000000 1.000000 0.000000 0.000000 0.000000 2.000000 4-4ring3.dat
1 -1 0.000000 0.000000 0.000000 -6.000000 0.000000 0.000000 0.000000 -4.000000 0.000000 0.000000 0.000000 6.000000 4-4cylc.dat
0 NOFILE
0 FILE 4-4ring8.dat
0 Ring 8 x 1.0
0 Name:  4-4ring8.dat
0 Author:  Steffen [Steffen]
4 -1 9.000 0.000 0.000 8.315 0.000 3.444 7.391 0.000 3.062 8.000 0.000 0.000
4 -1 8.315 0.000 3.444 6.364 0.000 6.364 5.657 0.000 5.657 7.391 0.000 3.062
4 -1 6.364 0.000 6.364 3.444 0.000 8.315 3.062 0.000 7.391 5.657 0.000 5.657
4 -1 3.444 0.000 8.315 0.000 0.000 9.000 0.000 0.000 8.000 3.062 0.000 7.391
4 -1 0.000 0.000 9.000 -3.444 0.000 8.315 -3.062 0.000 7.391 0.000 0.000 8.000
4 -1 -3.444 0.000 8.315 -6.364 0.000 6.364 -5.657 0.000 5.657 -3.062 0.000 7.391
4 -1 -6.364 0.000 6.364 -8.315 0.000 3.444 -7.391 0.000 3.062 -5.657 0.000 5.657
4 -1 -8.315 0.000 3.444 -9.000 0.000 0.000 -8.000 0.000 0.000 -7.391 0.000 3.062
4 -1 -9.000 0.000 0.000 -8.315 0.000 -3.444 -7.391 0.000 -3.062 -8.000 0.000 0.000
4 -1 -8.315 0.000 -3.444 -6.364 0.000 -6.364 -5.657 0.000 -5.657 -7.391 0.000 -3.062
4 -1 -6.364 0.000 -6.364 -3.444 0.000 -8.315 -3.062 0.000 -7.391 -5.657 0.000 -5.657
4 -1 -3.444 0.000 -8.315 0.000 0.000 -9.000 0.000 0.000 -8.000 -3.062 0.000 -7.391
4 -1 0.000 0.000 -9.000 3.444 0.000 -8.315 3.062 0.000 -7.391 0.000 0.000 -8.000
4 -1 3.444 0.000 -8.315 6.364 0.000 -6.364 5.657 0.000 -5.657 3.062 0.000 -7.391
4 -1 6.364 0.000 -6.364 8.315 0.000 -3.444 7.391 0.000 -3.062 5.657 0.000 -5.657
4 -1 8.315 0.000 -3.444 9.000 0.000 0.000 8.000 0.000 0.000 7.391 0.000 -3.062
0 NOFILE
0 FILE t04o5000.dat
0 Torus Outside 1 x 0.5000 x 0.25
0 Name:  t04o5000.dat
0 Author:  Paul Easter [pneaster]
4 -1 1.000 0.500 0.000 0.924 0.500 0.383 1.101 0.462 0.456 1.191 0.462 0.000
4 -1 1.191 0.462 0.000 1.101 0.462 0.456 1.251 0.354 0.518 1.354 0.354 0.000
4 -1 1.354 0.354 0.000 1.251 0.354 0.518 1.351 0.191 0.560 1.462 0.191 0.000
4 -1 1.462 0.191 0.000 1.351 0.191 0.560 1.386 0.000 0.574 1.500 0.000 0.000
4 -1 0.924 0.500 0.383 0.707 0.500 0.707 0.842 0.462 0.842 1.101 0.462 0.456
4 -1 1.101 0.462 0.456 0.842 0.462 0.842 0.957 0.354 0.957 1.251 0.354 0.518
4 -1 1.251 0.354 0.518 0.957 0.354 0.957 1.034 0.191 1.034 1.351 0.191 0.560
4 -1 1.351 0.191 0.560 1.034 0.191 1.034 1.061 0.000 1.061 1.386 0.000 0.574
4 -1 0.707 0.500 0.707 0.383 0.500 0.924 0.456 0.462 1.101 0.842 0.462 0.842
4 -1 0.842 0.462 0.842 0.456 0.462 1.101 0.518 0.354 1.251 0.957 0.354 0.957
4 -1 0.957 0.354 0.957 0.518 0.354 1.251 0.560 0.191 1.351 1.034 0.191 1.034
4 -1 1.034 0.191 1.034 0.560 0.191 1.351 0.574 0.000 1.386 1.061 0.000 1.061
4 -1 0.383 0.500 0.924 0.000 0.500 1.000 0.000 0.462 1.191 0.456 0.462 1.101
4 -1 0.456 0.462 1.101 0.000 0.462 1.191 0.000 0.354 1.354 0.518 0.354 1.251
4 -1 0.518 0.354 1.251 0.000 0.354 1.354 0.000 0.191 1.462 0.560 0.191 1.351
4 -1 0.560 0.191 1.351 0.000 0.191 1.462 0.000 0.000 1.500 0.574 0.000 1.386
5 -2 1.000 0.500 0.000 0.924 0.500 0.383
5 -2 1.000 0.500 0.000 1.191 0.462 0.000
5 -2 1.191 0.462 0.000 1.101 0.462 0.456
5 -2 1.191 0.462 0.000 1.354 0.354 0.000
5 -2 1.354 0.354 0.000 1.251 0.354 0.518
5 -2 1.354 0.354 0.000 1.462 0.191 0.000
5 -2 1.462 0.191 0.000 1.351 0.191 0.560
5 -2 1.462 0.191 0.000 1.500 0.000 0.000
5 -2 1.500 0.000 0.000 1.386 0.000 0.574
5 -2 0.924 0.500 0.383 0.707 0.500 0.707
5 -2 0.924 0.500 0.383 1.101 0.462 0.456
5 -2 1.101 0.462 0.456 0.842 0.462 0.842
5 -2 1.101 0.462 0.456 1.251 0.354 0.518
5 -2 1.251 0.354 0.518 0.957 0.354 0.957
5 -2 1.251 0.354 0.518 1.351 0.191 0.560
5 -2 1.351 0.191 0.560 1.034 0.191 1.034
5 -2 1.351 0.191 0.560 1.386 0.000 0.574
5 -2 1.386 0.000 0.574 1.061 0.000 1.061
5 -2 0.707 0.500 0.707 0.383 0.500 0.924
5 -2 0.707 0.500 0.707 0.842 0.462 0.842
5 -2 0.842 0.462 0.842 0.456 0.462 1.101
5 -2 0.842 0.462 0.842 0.957 0.354 0.957
5 -2 0.957 0.354 0.957 0.518 0.354 1.251
5 -2 0.957 0.354 0.957 1.034 0.191 1.034
5 -2 1.034 0.191 1.034 0.560 0.191 1.351
5 -2 1.034 0.191 1.034 1.061 0.000 1.061
5 -2 1.061 0.000 1.061 0.574 0.000 1.386
5 -2 0.383 0.500 0.924 0.000 0.500 1.000
5 -2 0.383 0.500 0.924 0.456 0.462 1.101
5 -2 0.456 0.462 1.101 0.000 0.462 1.191
5 -2 0.456 0.462 1.101 0.518 0.354 1.251
5 -2 0.518 0.354 1.251 0.000 0.354 1.354
5 -2 0.518 0.354 1.251 0.560 0.191 1.351
5 -2 0.560 0.191 1.351 0.000 0.191 1.462
5 -2 0.560 0.191 1.351 0.574 0.000 1.386
5 -2 0.574 0.000 1.386 0.000 0.000 1.500
5 -2 0.000 0.500 1.000 0.000 0.462 1.191
5 -2 0.000 0.462 1.191 0.000 0.354 1.354
5 -2 0.000 0.354 1.354 0.000 0.191 1.462
5 -2 0.000 0.191 1.462 0.000 0.000 1.500
0 NOFILE
0 FILE 4-4ring2.dat
0 Ring 2 x 1.0
0 Name:  4-4ring2.dat
0 Author:  James Jessiman
4 -1 -1.148 0.000 2.772 -0.765 0.000 1.848 0.000 0.000 2.000 0.000 0.000 3.000
4 -1 -2.121 0.000 2.121 -1.414 0.000 1.414 -0.765 0.000 1.848 -1.148 0.000 2.772
4 -1 -2.772 0.000 1.148 -1.848 0.000 0.765 -1.414 0.000 1.414 -2.121 0.000 2.121
4 -1 -3.000 0.000 0.000 -2.000 0.000 0.000 -1.848 0.000 0.765 -2.772 0.000 1.148
4 -1 -2.772 0.000 -1.148 -1.848 0.000 -0.765 -2.000 0.000 0.000 -3.000 0.000 0.000
4 -1 -2.121 0.000 -2.121 -1.414 0.000 -1.414 -1.848 0.000 -0.765 -2.772 0.000 -1.148
4 -1 -1.148 0.000 -2.772 -0.765 0.000 -1.848 -1.414 0.000 -1.414 -2.121 0.000 -2.121
4 -1 0.000 0.000 -3.000 0.000 0.000 -2.000 -0.765 0.000 -1.848 -1.148 0.000 -2.772
4 -1 1.148 0.000 -2.772 0.765 0.000 -1.848 0.000 0.000 -2.000 0.000 0.000 -3.000
4 -1 2.121 0.000 -2.121 1.414 0.000 -1.414 0.765 0.000 -1.848 1.148 0.000 -2.772
4 -1 2.772 0.000 -1.148 1.848 0.000 -0.765 1.414 0.000 -1.414 2.121 0.000 -2.121
4 -1 3.000 0.000 0.000 2.000 0.000 0.000 1.848 0.000 -0.765 2.772 0.000 -1.148
4 -1 2.772 0.000 1.148 1.848 0.000 0.765 2.000 0.000 0.000 3.000 0.000 0.000
4 -1 2.121 0.000 2.121 1.414 0.000 1.414 1.848 0.000 0.765 2.772 0.000 1.148
4 -1 1.148 0.000 2.772 0.765 0.000 1.848 1.414 0.000 1.414 2.121 0.000 2.121
4 -1 0.000 0.000 3.000 0.000 0.000 2.000 0.765 0.000 1.848 1.148 0.000 2.772
0 NOFILE
0 FILE 4-4ring6.dat
0 Ring 6 x 1.0
0 Name:  4-4ring6.dat
0 Author:  Mark Kennedy [mkennedy]
4 -1 7.000 0.000 0.000 6.467 0.000 2.679 5.543 0.000 2.296 6.000 0.000 0.000
4 -1 6.467 0.000 2.679 4.950 0.000 4.950 4.243 0.000 4.243 5.543 0.000 2.296
4 -1 4.950 0.000 4.950 2.679 0.000 6.467 2.296 0.000 5.543 4.243 0.000 4.243
4 -1 2.679 0.000 6.467 0.000 0.000 7.000 0.000 0.000 6.000 2.296 0.000 5.543
4 -1 0.000 0.000 7.000 -2.679 0.000 6.467 -2.296 0.000 5.543 0.000 0.000 6.000
4 -1 -2.679 0.000 6.467 -4.950 0.000 4.950 -4.243 0.000 4.243 -2.296 0.000 5.543
4 -1 -4.950 0.000 4.950 -6.467 0.000 2.679 -5.543 0.000 2.296 -4.243 0.000 4.243
4 -1 -6.467 0.000 2.679 -7.000 0.000 0.000 -6.000 0.000 0.000 -5.543 0.000 2.296
4 -1 -7.000 0.000 0.000 -6.467 0.000 -2.679 -5.543 0.000 -2.296 -6.000 0.000 0.000
4 -1 -6.467 0.000 -2.679 -4.950 0.000 -4.950 -4.243 0.000 -4.243 -5.543 0.000 -2.296
4 -1 -4.950 0.000 -4.950 -2.679 0.000 -6.467 -2.296 0.000 -5.543 -4.243 0.000 -4.243
4 -1 -2.679 0.000 -6.467 0.000 0.000 -7.000 0.000 0.000 -6.000 -2.296 0.000 -5.543
4 -1 0.000 0.000 -7.000 2.679 0.000 -6.467 2.296 0.000 -5.543 0.000 0.000 -6.000
4 -1 2.679 0.000 -6.467 4.950 0.000 -4.950 4.243 0.000 -4.243 2.296 0.000 -5.543
4 -1 4.950 0.000 -4.950 6.467 0.000 -2.679 5.543 0.000 -2.296 4.243 0.000 -4.243
4 -1 6.467 0.000 -2.679 7.000 0.000 0.000 6.000 0.000 0.000 5.543 0.000 -2.296
0 NOFILE
0 FILE t04o1429.dat
0 Torus Outside 1 x 0.1429 x 0.25
0 Name:  t04o1429.dat
0 Author:  Paul Easter [pneaster]
4 -1 1.000 0.143 0.000 0.924 0.143 0.383 0.974 0.132 0.404 1.055 0.132 0.000
4 -1 1.055 0.132 0.000 0.974 0.132 0.404 1.017 0.101 0.421 1.101 0.101 0.000
4 -1 1.101 0.101 0.000 1.017 0.101 0.421 1.046 0.055 0.433 1.132 0.055 0.000
4 -1 1.132 0.055 0.000 1.046 0.055 0.433 1.056 0.000 0.437 1.143 0.000 0.000
4 -1 0.924 0.143 0.383 0.707 0.143 0.707 0.746 0.132 0.746 0.974 0.132 0.404
4 -1 0.974 0.132 0.404 0.746 0.132 0.746 0.779 0.101 0.779 1.017 0.101 0.421
4 -1 1.017 0.101 0.421 0.779 0.101 0.779 0.800 0.055 0.800 1.046 0.055 0.433
4 -1 1.046 0.055 0.433 0.800 0.055 0.800 0.808 0.000 0.808 1.056 0.000 0.437
4 -1 0.707 0.143 0.707 0.383 0.143 0.924 0.404 0.132 0.974 0.746 0.132 0.746
4 -1 0.746 0.132 0.746 0.404 0.132 0.974 0.421 0.101 1.017 0.779 0.101 0.779
4 -1 0.779 0.101 0.779 0.421 0.101 1.017 0.433 0.055 1.046 0.800 0.055 0.800
4 -1 0.800 0.055 0.800 0.433 0.055 1.046 0.437 0.000 1.056 0.808 0.000 0.808
4 -1 0.383 0.143 0.924 0.000 0.143 1.000 0.000 0.132 1.055 0.404 0.132 0.974
4 -1 0.404 0.132 0.974 0.000 0.132 1.055 0.000 0.101 1.101 0.421 0.101 1.017
4 -1 0.421 0.101 1.017 0.000 0.101 1.101 0.000 0.055 1.132 0.433 0.055 1.046
4 -1 0.433 0.055 1.046 0.000 0.055 1.132 0.000 0.000 1.143 0.437 0.000 1.056
5 -2 1.000 0.143 0.000 0.924 0.143 0.383
5 -2 1.000 0.143 0.000 1.055 0.132 0.000
5 -2 1.055 0.132 0.000 0.974 0.132 0.404
5 -2 1.055 0.132 0.000 1.101 0.101 0.000
5 -2 1.101 0.101 0.000 1.017 0.101 0.421
5 -2 1.101 0.101 0.000 1.132 0.055 0.000
5 -2 1.132 0.055 0.000 1.046 0.055 0.433
5 -2 1.132 0.055 0.000 1.143 0.000 0.000
5 -2 1.143 0.000 0.000 1.056 0.000 0.437
5 -2 0.924 0.143 0.383 0.707 0.143 0.707
5 -2 0.924 0.143 0.383 0.974 0.132 0.404
5 -2 0.974 0.132 0.404 0.746 0.132 0.746
5 -2 0.974 0.132 0.404 1.017 0.101 0.421
5 -2 1.017 0.101 0.421 0.779 0.101 0.779
5 -2 1.017 0.101 0.421 1.046 0.055 0.433
5 -2 1.046 0.055 0.433 0.800 0.055 0.800
5 -2 1.046 0.055 0.433 1.056 0.000 0.437
5 -2 1.056 0.000 0.437 0.808 0.000 0.808
5 -2 0.707 0.143 0.707 0.383 0.143 0.924
5 -2 0.707 0.143 0.707 0.746 0.132 0.746
5 -2 0.746 0.132 0.746 0.404 0.132 0.974
5 -2 0.746 0.132 0.746 0.779 0.101 0.779
5 -2 0.779 0.101 0.779 0.421 0.101 1.017
5 -2 0.779 0.101 0.779 0.800 0.055 0.800
5 -2 0.800 0.055 0.800 0.433 0.055 1.046
5 -2 0.800 0.055 0.800 0.808 0.000 0.808
5 -2 0.808 0.000 0.808 0.437 0.000 1.056
5 -2 0.383 0.143 0.924 0.000 0.143 1.000
5 -2 0.383 0.143 0.924 0.404 0.132 0.974
5 -2 0.404 0.132 0.974 0.000 0.132 1.055
5 -2 0.404 0.132 0.974 0.421 0.101 1.017
5 -2 0.421 0.101 1.017 0.000 0.101 1.101
5 -2 0.421 0.101 1.017 0.433 0.055 1.046
5 -2 0.433 0.055 1.046 0.000 0.055 1.132
5 -2 0.433 0.055 1.046 0.437 0.000 1.056
5 -2 0.437 0.000 1.056 0.000 0.000 1.143
5 -2 0.000 0.143 1.000 0.000 0.132 1.055
5 -2 0.000 0.132 1.055 0.000 0.101 1.101
5 -2 0.000 0.101 1.101 0.000 0.055 1.132
5 -2 0.000 0.055 1.132 0.000 0.000 1.143
0 NOFILE
0 FILE 4-4con4.dat
0 Cone 4 x 1.0
0 Name:  4-4con4.dat
0 Author:  John Riley [jriley]
4 -1 3.696 1.000 1.531 4.620 0.000 1.914 5.000 0.000 0.000 4.000 1.000 0.000
4 -1 2.828 1.000 2.828 3.536 0.000 3.536 4.620 0.000 1.914 3.696 1.000 1.531
4 -1 1.531 1.000 3.696 1.914 0.000 4.620 3.536 0.000 3.536 2.828 1.000 2.828
4 -1 0.000 1.000 4.000 0.000 0.000 5.000 1.914 0.000 4.620 1.531 1.000 3.696
4 -1 -1.531 1.000 3.696 -1.914 0.000 4.620 0.000 0.000 5.000 0.000 1.000 4.000
4 -1 -2.828 1.000 2.828 -3.536 0.000 3.536 -1.914 0.000 4.620 -1.531 1.000 3.696
4 -1 -3.696 1.000 1.531 -4.620 0.000 1.914 -3.536 0.000 3.536 -2.828 1.000 2.828
4 -1 -4.000 1.000 0.000 -5.000 0.000 0.000 -4.620 0.000 1.914 -3.696 1.000 1.531
4 -1 -3.696 1.000 -1.531 -4.620 0.000 -1.914 -5.000 0.000 0.000 -4.000 1.000 0.000
4 -1 -2.828 1.000 -2.828 -3.536 0.000 -3.536 -4.620 0.000 -1.914 -3.696 1.000 -1.531
4 -1 -1.531 1.000 -3.696 -1.914 0.000 -4.620 -3.536 0.000 -3.536 -2.828 1.000 -2.828
4 -1 0.000 1.000 -4.000 0.000 0.000 -5.000 -1.914 0.000 -4.620 -1.531 1.000 -3.696
4 -1 1.531 1.000 -3.696 1.914 0.000 -4.620 0.000 0.000 -5.000 0.000 1.000 -4.000
4 -1 2.828 1.000 -2.828 3.536 0.000 -3.536 1.914 0.000 -4.620 1.531 1.000 -3.696
4 -1 3.696 1.000 -1.531 4.620 0.000 -1.914 3.536 0.000 -3.536 2.828 1.000 -2.828
4 -1 4.000 1.000 0.000 5.000 0.000 0.000 4.620 0.000 -1.914 3.696 1.000 -1.531
5 -2 4.000 1.000 0.000 5.000 0.000 0.000
5 -2 3.696 1.000 1.531 4.620 0.000 1.914
5 -2 2.828 1.000 2.828 3.536 0.000 3.536
5 -2 1.531 1.000 3.696 1.914 0.000 4.620
5 -2 0.000 1.000 4.000 0.000 0.000 5.000
5 -2 -1.531 1.000 3.696 -1.914 0.000 4.620
5 -2 -2.828 1.000 2.828 -3.536 0.000 3.536
5 -2 -3.696 1.000 1.531 -4.620 0.000 1.914
5 -2 -4.000 1.000 0.000 -5.000 0.000 0.000
5 -2 -3.696 1.000 -1.531 -4.620 0.000 -1.914
5 -2 -2.828 1.000 -2.828 -3.536 0.000 -3.536
5 -2 -1.531 1.000 -3.696 -1.914 0.000 -4.620
5 -2 0.000 1.000 -4.000 0.000 0.000 -5.000
5 -2 1.531 1.000 -3.696 1.914 0.000 -4.620
5 -2 2.828 1.000 -2.828 3.536 0.000 -3.536
5 -2 3.696 1.000 -1.531 4.620 0.000 -1.914
0 NOFILE
0 FILE 4-4rin15.dat
0 Ring 15 x 1.0
0 Name:  4-4rin15.dat
0 Author:  Mark Kennedy [mkennedy]
4 -1 16.000 0.000 0.000 14.782 0.000 6.123 13.859 0.000 5.741 15.000 0.000 0.000
4 -1 14.782 0.000 6.123 11.314 0.000 11.314 10.607 0.000 10.607 13.859 0.000 5.741
4 -1 11.314 0.000 11.314 6.123 0.000 14.782 5.741 0.000 13.859 10.607 0.000 10.607
4 -1 6.123 0.000 14.782 0.000 0.000 16.000 0.000 0.000 15.000 5.741 0.000 13.859
4 -1 0.000 0.000 16.000 -6.123 0.000 14.782 -5.741 0.000 13.859 0.000 0.000 15.000
4 -1 -6.123 0.000 14.782 -11.314 0.000 11.314 -10.607 0.000 10.607 -5.741 0.000 13.859
4 -1 -11.314 0.000 11.314 -14.782 0.000 6.123 -13.859 0.000 5.741 -10.607 0.000 10.607
4 -1 -14.782 0.000 6.123 -16.000 0.000 0.000 -15.000 0.000 0.000 -13.859 0.000 5.741
4 -1 -16.000 0.000 0.000 -14.782 0.000 -6.123 -13.859 0.000 -5.741 -15.000 0.000 0.000
4 -1 -14.782 0.000 -6.123 -11.314 0.000 -11.314 -10.607 0.000 -10.607 -13.859 0.000 -5.741
4 -1 -11.314 0.000 -11.314 -6.123 0.000 -14.782 -5.741 0.000 -13.859 -10.607 0.000 -10.607
4 -1 -6.123 0.000 -14.782 0.000 0.000 -16.000 0.000 0.000 -15.000 -5.741 0.000 -13.859
4 -1 0.000 0.000 -16.000 6.123 0.000 -14.782 5.741 0.000 -13.859 0.000 0.000 -15.000
4 -1 6.123 0.000 -14.782 11.314 0.000 -11.314 10.607 0.000 -10.607 5.741 0.000 -13.859
4 -1 11.314 0.000 -11.314 14.782 0.000 -6.123 13.859 0.000 -5.741 10.607 0.000 -10.607
4 -1 14.782 0.000 -6.123 16.000 0.000 0.000 15.000 0.000 0.000 13.859 0.000 -5.741
0 NOFILE
0 FILE axl3hol3.dat
0 Technic Axle Hole Semi-Reduced Tooth Outer Edges
0 Name:  axl3hol3.dat
0 Author:  Santeri Piippo [arezey]
2 -2 5.602 0.000 2.000 5.543 0.000 2.296
2 -2 5.543 0.000 2.296 4.243 0.000 4.243
2 -2 4.243 0.000 4.243 2.296 0.000 5.543
2 -2 2.000 0.000 5.602 2.296 0.000 5.543
2 -2 -2.791 0.000 5.213 -4.243 0.000 4.243
2 -2 -4.243 0.000 4.243 -5.213 0.000 2.791
2 -2 -5.602 0.000 -2.000 -5.543 0.000 -2.296
2 -2 -5.543 0.000 -2.296 -4.243 0.000 -4.243
2 -2 -4.243 0.000 -4.243 -2.296 0.000 -5.543
2 -2 -2.000 0.000 -5.602 -2.296 0.000 -5.543
2 -2 2.791 0.000 -5.213 4.243 0.000 -4.243
2 -2 4.243 0.000 -4.243 5.213 0.000 -2.791
0 NOFILE
0 FILE axl3ho10.dat
0 Technic Axle Hole Semi-Reduced Tooth Surface
0 Name:  axl3ho10.dat
0 Author:  Santeri Piippo [arezey]
4 -1 -2.500 0.000 2.500 -2.791 0.000 5.213 -4.243 0.000 4.243 -5.213 0.000 2.791
4 -1 2.500 0.000 -2.500 2.791 0.000 -5.213 4.243 0.000 -4.243 5.213 0.000 -2.791
4 -1 -5.602 0.000 -2.000 -5.543 0.000 -2.296 -4.243 0.000 -4.243 -4.000 0.000 -2.000
4 -1 -4.000 0.000 -2.000 -4.243 0.000 -4.243 -2.000 0.000 -4.000 -2.500 0.000 -2.500
4 -1 -2.296 0.000 -5.543 -2.000 0.000 -5.602 -2.000 0.000 -4.000 -4.243 0.000 -4.243
4 -1 5.602 0.000 2.000 5.543 0.000 2.296 4.243 0.000 4.243 4.000 0.000 2.000
4 -1 4.000 0.000 2.000 4.243 0.000 4.243 2.000 0.000 4.000 2.500 0.000 2.500
4 -1 2.296 0.000 5.543 2.000 0.000 5.602 2.000 0.000 4.000 4.243 0.000 4.243
0 NOFILE
0 FILE axl3hol9.dat
0 Technic Axle Hole Semi-Reduced Tooth Inner Edges
0 Name:  axl3hol9.dat
0 Author:  Santeri Piippo [arezey]
2 -2 -2.791 0.000 5.213 -2.500 0.000 2.500
2 -2 -2.500 0.000 2.500 -5.213 0.000 2.791
2 -2 2.791 0.000 -5.213 2.500 0.000 -2.500
2 -2 2.500 0.000 -2.500 5.213 0.000 -2.791
2 -2 -5.602 0.000 -2.000 -4.000 0.000 -2.000
2 -2 -4.000 0.000 -2.000 -2.500 0.000 -2.500
2 -2 -2.500 0.000 -2.500 -2.000 0.000 -4.000
2 -2 -2.000 0.000 -4.000 -2.000 0.000 -5.602
2 -2 5.602 0.000 2.000 4.000 0.000 2.000
2 -2 4.000 0.000 2.000 2.500 0.000 2.500
2 -2 2.500 0.000 2.500 2.000 0.000 4.000
2 -2 2.000 0.000 4.000 2.000 0.000 5.602
0 NOFILE
0 FILE axl3hol8.dat
0 Technic Axle Hole Semi-Reduced Perimeter
0 Name:  axl3hol8.dat
0 Author:  Santeri Piippo [arezey]
2 -2 -2.791 1.000 5.213 -2.791 0.000 5.213
2 -2 -2.500 1.000 2.500 -2.500 0.000 2.500
2 -2 -5.213 1.000 2.791 -5.213 0.000 2.791
5 -2 0.000 1.000 6.000 0.000 0.000 6.000
5 -2 -2.296 1.000 5.543 -2.296 0.000 5.543
5 -2 -5.543 1.000 2.296 -5.543 0.000 2.296
5 -2 -6.000 1.000 0.000 -6.000 0.000 0.000
4 -1 -2.500 1.000 2.500 -2.500 0.000 2.500 -5.213 0.000 2.791 -5.213 1.000 2.791
4 -1 -2.791 1.000 5.213 -2.791 0.000 5.213 -2.500 0.000 2.500 -2.500 1.000 2.500
4 -1 0.000 1.000 6.000 0.000 0.000 6.000 -2.296 0.000 5.543 -2.296 1.000 5.543
4 -1 -2.296 1.000 5.543 -2.296 0.000 5.543 -2.791 0.000 5.213 -2.791 1.000 5.213
4 -1 -5.213 1.000 2.791 -5.213 0.000 2.791 -5.543 0.000 2.296 -5.543 1.000 2.296
4 -1 -5.543 1.000 2.296 -5.543 0.000 2.296 -6.000 0.000 0.000 -6.000 1.000 0.000
2 -2 2.791 1.000 -5.213 2.791 0.000 -5.213
2 -2 2.500 1.000 -2.500 2.500 0.000 -2.500
2 -2 5.213 1.000 -2.791 5.213 0.000 -2.791
5 -2 0.000 1.000 -6.000 0.000 0.000 -6.000
5 -2 2.296 1.000 -5.543 2.296 0.000 -5.543
5 -2 5.543 1.000 -2.296 5.543 0.000 -2.296
5 -2 6.000 1.000 0.000 6.000 0.000 0.000
4 -1 2.500 1.000 -2.500 2.500 0.000 -2.500 5.213 0.000 -2.791 5.213 1.000 -2.791
4 -1 2.791 1.000 -5.213 2.791 0.000 -5.213 2.500 0.000 -2.500 2.500 1.000 -2.500
4 -1 0.000 1.000 -6.000 0.000 0.000 -6.000 2.296 0.000 -5.543 2.296 1.000 -5.543
4 -1 2.296 1.000 -5.543 2.296 0.000 -5.543 2.791 0.000 -5.213 2.791 1.000 -5.213
4 -1 5.213 1.000 -2.791 5.213 0.000 -2.791 5.543 0.000 -2.296 5.543 1.000 -2.296
4 -1 5.543 1.000 -2.296 5.543 0.000 -2.296 6.000 0.000 0.000 6.000 1.000 0.000
5 -2 -6.000 1.000 0.000 -6.000 0.000 0.000
2 -2 -5.602 1.000 -2.000 -5.602 0.000 -2.000
5 -2 -2.500 1.000 -2.500 -2.500 0.000 -2.500
2 -2 -2.000 1.000 -5.602 -2.000 0.000 -5.602
5 -2 0.000 1.000 -6.000 0.000 0.000 -6.000
4 -1 -6.000 1.000 0.000 -6.000 0.000 0.000 -5.602 0.000 -2.000 -5.602 1.000 -2.000
4 -1 -5.602 1.000 -2.000 -5.602 0.000 -2.000 -4.000 0.000 -2.000 -4.000 1.000 -2.000
4 -1 -4.000 1.000 -2.000 -4.000 0.000 -2.000 -2.500 0.000 -2.500 -2.500 1.000 -2.500
4 -1 -2.500 1.000 -2.500 -2.500 0.000 -2.500 -2.000 0.000 -4.000 -2.000 1.000 -4.000
4 -1 -2.000 1.000 -4.000 -2.000 0.000 -4.000 -2.000 0.000 -5.602 -2.000 1.000 -5.602
4 -1 -2.000 0.000 -5.602 0.000 0.000 -6.000 0.000 1.000 -6.000 -2.000 1.000 -5.602
5 -2 6.000 1.000 0.000 6.000 0.000 0.000
2 -2 5.602 1.000 2.000 5.602 0.000 2.000
5 -2 2.500 1.000 2.500 2.500 0.000 2.500
2 -2 2.000 1.000 5.602 2.000 0.000 5.602
5 -2 0.000 1.000 6.000 0.000 0.000 6.000
4 -1 6.000 1.000 0.000 6.000 0.000 0.000 5.602 0.000 2.000 5.602 1.000 2.000
4 -1 4.000 1.000 2.000 5.602 1.000 2.000 5.602 0.000 2.000 4.000 0.000 2.000
4 -1 4.000 1.000 2.000 4.000 0.000 2.000 2.500 0.000 2.500 2.500 1.000 2.500
4 -1 2.500 1.000 2.500 2.500 0.000 2.500 2.000 0.000 4.000 2.000 1.000 4.000
4 -1 2.000 1.000 4.000 2.000 0.000 4.000 2.000 0.000 5.602 2.000 1.000 5.602
4 -1 2.000 0.000 5.602 0.000 0.000 6.000 0.000 1.000 6.000 2.000 1.000 5.602
5 -2 -4.000 0.000 -2.000 -4.000 1.000 -2.000
5 -2 -2.000 0.000 -4.000 -2.000 1.000 -4.000
5 -2 4.000 0.000 2.000 4.000 1.000 2.000
5 -2 2.000 0.000 4.000 2.000 1.000 4.000
0 NOFILE
0 FILE axl3hol2.dat
0 Technic Axle Hole Semi-Reduced Side Edges
0 Name:  axl3hol2.dat
0 Author:  Santeri Piippo [arezey]
2 -2 0.000 0.000 6.000 -2.296 0.000 5.543
2 -2 -2.296 0.000 5.543 -2.791 0.000 5.213
2 -2 -5.213 0.000 2.791 -5.543 0.000 2.296
2 -2 -5.543 0.000 2.296 -6.000 0.000 0.000
2 -2 0.000 0.000 -6.000 2.296 0.000 -5.543
2 -2 2.296 0.000 -5.543 2.791 0.000 -5.213
2 -2 5.213 0.000 -2.791 5.543 0.000 -2.296
2 -2 5.543 0.000 -2.296 6.000 0.000 0.000
2 -2 0.000 0.000 -6.000 -2.000 0.000 -5.602
2 -2 -6.000 0.000 0.000 -5.602 0.000 -2.000
2 -2 6.000 0.000 0.000 5.602 0.000 2.000
2 -2 0.000 0.000 6.000 2.000 0.000 5.602
0 NOFILE
0 FILE 4-4rin12.dat
0 Ring 12 x 1.0
0 Name:  4-4rin12.dat
0 Author:  John Riley [jriley]
4 -1 12.000 0.000 0.000 13.000 0.000 0.000 12.011 0.000 4.975 11.087 0.000 4.592
4 -1 11.087 0.000 4.592 12.011 0.000 4.975 9.192 0.000 9.192 8.485 0.000 8.485
4 -1 8.485 0.000 8.485 9.192 0.000 9.192 4.975 0.000 12.011 4.592 0.000 11.087
4 -1 4.592 0.000 11.087 4.975 0.000 12.011 0.000 0.000 13.000 0.000 0.000 12.000
4 -1 0.000 0.000 12.000 0.000 0.000 13.000 -4.975 0.000 12.011 -4.592 0.000 11.087
4 -1 -4.592 0.000 11.087 -4.975 0.000 12.011 -9.192 0.000 9.192 -8.485 0.000 8.485
4 -1 -8.485 0.000 8.485 -9.192 0.000 9.192 -12.011 0.000 4.975 -11.087 0.000 4.592
4 -1 -11.087 0.000 4.592 -12.011 0.000 4.975 -13.000 0.000 0.000 -12.000 0.000 0.000
4 -1 -12.000 0.000 0.000 -13.000 0.000 0.000 -12.011 0.000 -4.975 -11.087 0.000 -4.592
4 -1 -11.087 0.000 -4.592 -12.011 0.000 -4.975 -9.192 0.000 -9.192 -8.485 0.000 -8.485
4 -1 -8.485 0.000 -8.485 -9.192 0.000 -9.192 -4.975 0.000 -12.011 -4.592 0.000 -11.087
4 -1 -4.592 0.000 -11.087 -4.975 0.000 -12.011 0.000 0.000 -13.000 0.000 0.000 -12.000
4 -1 0.000 0.000 -12.000 0.000 0.000 -13.000 4.975 0.000 -12.011 4.592 0.000 -11.087
4 -1 4.592 0.000 -11.087 4.975 0.000 -12.011 9.192 0.000 -9.192 8.485 0.000 -8.485
4 -1 8.485 0.000 -8.485 9.192 0.000 -9.192 12.011 0.000 -4.975 11.087 0.000 -4.592
4 -1 11.087 0.000 -4.592 12.011 0.000 -4.975 13.000 0.000 0.000 12.000 0.000 0.000
0 NOFILE
0 FILE 4-4con7.dat
0 Cone 7 x 1.0
0 Name:  4-4con7.dat
0 Author:  Niels Karsdorp [nielsk]
5 -2 7.000 1.000 0.000 8.000 0.000 0.000
5 -2 6.467 1.000 2.679 7.391 0.000 3.062
5 -2 4.950 1.000 4.950 5.657 0.000 5.657
5 -2 2.679 1.000 6.467 3.062 0.000 7.391
5 -2 0.000 1.000 7.000 0.000 0.000 8.000
5 -2 -2.679 1.000 6.467 -3.062 0.000 7.391
5 -2 -4.950 1.000 4.950 -5.657 0.000 5.657
5 -2 -6.467 1.000 2.679 -7.391 0.000 3.062
5 -2 -7.000 1.000 0.000 -8.000 0.000 0.000
5 -2 -6.467 1.000 -2.679 -7.391 0.000 -3.062
5 -2 -4.950 1.000 -4.950 -5.657 0.000 -5.657
5 -2 -2.679 1.000 -6.467 -3.062 0.000 -7.391
5 -2 0.000 1.000 -7.000 0.000 0.000 -8.000
5 -2 2.679 1.000 -6.467 3.062 0.000 -7.391
5 -2 4.950 1.000 -4.950 5.657 0.000 -5.657
5 -2 6.467 1.000 -2.679 7.391 0.000 -3.062
4 -1 7.000 1.000 0.000 6.467 1.000 2.679 7.391 0.000 3.062 8.000 0.000 0.000
4 -1 6.467 1.000 2.679 4.950 1.000 4.950 5.657 0.000 5.657 7.391 0.000 3.062
4 -1 4.950 1.000 4.950 2.679 1.000 6.467 3.062 0.000 7.391 5.657 0.000 5.657
4 -1 2.679 1.000 6.467 0.000 1.000 7.000 0.000 0.000 8.000 3.062 0.000 7.391
4 -1 0.000 1.000 7.000 -2.679 1.000 6.467 -3.062 0.000 7.391 0.000 0.000 8.000
4 -1 -2.679 1.000 6.467 -4.950 1.000 4.950 -5.657 0.000 5.657 -3.062 0.000 7.391
4 -1 -4.950 1.000 4.950 -6.467 1.000 2.679 -7.391 0.000 3.062 -5.657 0.000 5.657
4 -1 -6.467 1.000 2.679 -7.000 1.000 0.000 -8.000 0.000 0.000 -7.391 0.000 3.062
4 -1 -7.000 1.000 0.000 -6.467 1.000 -2.679 -7.391 0.000 -3.062 -8.000 0.000 0.000
4 -1 -6.467 1.000 -2.679 -4.950 1.000 -4.950 -5.657 0.000 -5.657 -7.391 0.000 -3.062
4 -1 -4.950 1.000 -4.950 -2.679 1.000 -6.467 -3.062 0.000 -7.391 -5.657 0.000 -5.657
4 -1 -2.679 1.000 -6.467 0.000 1.000 -7.000 0.000 0.000 -8.000 -3.062 0.000 -7.391
4 -1 0.000 1.000 -7.000 2.679 1.000 -6.467 3.062 0.000 -7.391 0.000 0.000 -8.000
4 -1 2.679 1.000 -6.467 4.950 1.000 -4.950 5.657 0.000 -5.657 3.062 0.000 -7.391
4 -1 4.950 1.000 -4.950 6.467 1.000 -2.679 7.391 0.000 -3.062 5.657 0.000 -5.657
4 -1 6.467 1.000 -2.679 7.000 1.000 0.000 8.000 0.000 0.000 7.391 0.000 -3.062
0 NOFILE
0 FILE 4-4con13.dat
0 Cone 13 x 1.0
0 Name:  4-4con13.dat
0 Author:  Michael Heidemann [mikeheide]
4 -1 13.000 1.000 0.000 12.011 1.000 4.975 12.935 0.000 5.358 14.000 0.000 0.000
4 -1 12.011 1.000 4.975 9.192 1.000 9.192 9.899 0.000 9.899 12.935 0.000 5.358
4 -1 9.192 1.000 9.192 4.975 1.000 12.011 5.358 0.000 12.935 9.899 0.000 9.899
4 -1 4.975 1.000 12.011 0.000 1.000 13.000 0.000 0.000 14.000 5.358 0.000 12.935
4 -1 0.000 1.000 13.000 -4.975 1.000 12.011 -5.358 0.000 12.935 0.000 0.000 14.000
4 -1 -4.975 1.000 12.011 -9.192 1.000 9.192 -9.899 0.000 9.899 -5.358 0.000 12.935
4 -1 -9.192 1.000 9.192 -12.011 1.000 4.975 -12.935 0.000 5.358 -9.899 0.000 9.899
4 -1 -12.011 1.000 4.975 -13.000 1.000 0.000 -14.000 0.000 0.000 -12.935 0.000 5.358
4 -1 -13.000 1.000 0.000 -12.011 1.000 -4.975 -12.935 0.000 -5.358 -14.000 0.000 0.000
4 -1 -12.011 1.000 -4.975 -9.192 1.000 -9.192 -9.899 0.000 -9.899 -12.935 0.000 -5.358
4 -1 -9.192 1.000 -9.192 -4.975 1.000 -12.011 -5.358 0.000 -12.935 -9.899 0.000 -9.899
4 -1 -4.975 1.000 -12.011 0.000 1.000 -13.000 0.000 0.000 -14.000 -5.358 0.000 -12.935
4 -1 0.000 1.000 -13.000 4.975 1.000 -12.011 5.358 0.000 -12.935 0.000 0.000 -14.000
4 -1 4.975 1.000 -12.011 9.192 1.000 -9.192 9.899 0.000 -9.899 5.358 0.000 -12.935
4 -1 9.192 1.000 -9.192 12.011 1.000 -4.975 12.935 0.000 -5.358 9.899 0.000 -9.899
4 -1 12.011 1.000 -4.975 13.000 1.000 0.000 14.000 0.000 0.000 12.935 0.000 -5.358
5 -2 13.000 1.000 0.000 14.000 0.000 0.000
5 -2 12.011 1.000 4.975 12.935 0.000 5.358
5 -2 9.192 1.000 9.192 9.899 0.000 9.899
5 -2 4.975 1.000 12.011 5.358 0.000 12.935
5 -2 0.000 1.000 13.000 0.000 0.000 14.000
5 -2 -4.975 1.000 12.011 -5.358 0.000 12.935
5 -2 -9.192 1.000 9.192 -9.899 0.000 9.899
5 -2 -12.011 1.000 4.975 -12.935 0.000 5.358
5 -2 -13.000 1.000 0.000 -14.000 0.000 0.000
5 -2 -12.011 1.000 -4.975 -12.935 0.000 -5.358
5 -2 -9.192 1.000 -9.192 -9.899 0.000 -9.899
5 -2 -4.975 1.000 -12.011 -5.358 0.000 -12.935
5 -2 0.000 1.000 -13.000 0.000 0.000 -14.000
5 -2 4.975 1.000 -12.011 5.358 0.000 -12.935
5 -2 9.192 1.000 -9.192 9.899 0.000 -9.899
5 -2 12.011 1.000 -4.975 12.935 0.000 -5.358
0 NOFILE
0 FILE 98138s01.dat
0 ~Tile 1 x 1 Round with Groove without Top Face
0 Name:  s\98138s01.dat
0 Author:  Magnus Forsberg [MagFors]
1 -1 0.000000 4.000000 0.000000 1.000000 0.000000 0.000000 0.000000 -1.000000 0.000000 0.000000 0.000000 1.000000 stud4o.dat
1 -1 0.000000 8.000000 0.000000 -1.000000 0.000000 0.000000 0.000000 -1.000000 0.000000 0.000000 0.000000 1.000000 4-4ring8.dat
1 -1 0.000000 7.000000 0.000000 9.000000 0.000000 0.000000 0.000000 1.000000 0.000000 0.000000 0.000000 9.000000 4-4cylo.dat
1 -1 0.000000 7.000000 0.000000 10.000000 0.000000 0.000000 0.000000 1.000000 0.000000 0.000000 0.000000 10.000000 4-4edge.dat
1 -1 0.000000 7.000000 0.000000 -1.000000 0.000000 0.000000 0.000000 -1.000000 0.000000 0.000000 0.000000 1.000000 4-4ring9.dat
1 -1 0.000000 1.000000 0.000000 10.000000 0.000000 0.000000 0.000000 6.000000 0.000000 0.000000 0.000000 10.000000 4-4cyli.dat
1 -1 0.000000 1.000000 0.000000 9.000000 0.000000 0.000000 0.000000 -9.000000 0.000000 0.000000 0.000000 -9.000000 t04o1111.dat
1 -1 0.000000 1.000000 0.000000 0.000000 0.000000 -9.000000 0.000000 -9.000000 0.000000 -9.000000 0.000000 0.000000 t04o1111.dat
1 -1 0.000000 1.000000 0.000000 -9.000000 0.000000 0.000000 0.000000 -9.000000 0.000000 0.000000 0.000000 9.000000 t04o1111.dat
1 -1 0.000000 1.000000 0.000000 0.000000 0.000000 9.000000 0.000000 -9.000000 0.000000 9.000000 0.000000 0.000000 t04o1111.dat
0 NOFILE
0 FILE 3068bs01.dat
0 ~Tile 2 x 2 with Groove without Face
0 Name:  s\3068bs01.dat
0 Author:  Damien Guichard [BrickCaster]
1 -1 0.000000 4.000000 0.000000 1.000000 0.000000 0.000000 0.000000 -1.000000 0.000000 0.000000 0.000000 1.000000 stud4.dat
1 -1 0.000000 8.000000 0.000000 16.000000 0.000000 0.000000 0.000000 -4.000000 0.000000 0.000000 0.000000 16.000000 box5.dat
4 -1 19.000 8.000 19.000 16.000 8.000 16.000 -16.000 8.000 16.000 -19.000 8.000 19.000
4 -1 -19.000 8.000 19.000 -16.000 8.000 16.000 -16.000 8.000 -16.000 -19.000 8.000 -19.000
4 -1 -19.000 8.000 -19.000 -16.000 8.000 -16.000 16.000 8.000 -16.000 19.000 8.000 -19.000
4 -1 19.000 8.000 -19.000 16.000 8.000 -16.000 16.000 8.000 16.000 19.000 8.000 19.000
1 -1 0.000000 8.000000 0.000000 19.000000 0.000000 0.000000 0.000000 -1.000000 0.000000 0.000000 0.000000 19.000000 box4.dat
4 -1 20.000 7.000 20.000 19.000 7.000 19.000 -19.000 7.000 19.000 -20.000 7.000 20.000
4 -1 -20.000 7.000 20.000 -19.000 7.000 19.000 -19.000 7.000 -19.000 -20.000 7.000 -20.000
4 -1 -20.000 7.000 -20.000 -19.000 7.000 -19.000 19.000 7.000 -19.000 20.000 7.000 -20.000
4 -1 20.000 7.000 -20.000 19.000 7.000 -19.000 19.000 7.000 19.000 20.000 7.000 20.000
1 -1 0.000000 7.000000 0.000000 20.000000 0.000000 0.000000 0.000000 -7.000000 0.000000 0.000000 0.000000 20.000000 box4.dat
0 NOFILE
0 FILE 4-4cylc.dat
0 Cylinder Closed 1.0
0 Name:  4-4cylc.dat
0 Author:  Alex Taylor [anathema]
1 -1 0.000000 0.000000 0.000000 1.000000 0.000000 0.000000 0.000000 1.000000 0.000000 0.000000 0.000000 1.000000 4-4edge.dat
1 -1 0.000000 1.000000 0.000000 1.000000 0.000000 0.000000 0.000000 1.000000 0.000000 0.000000 0.000000 1.000000 4-4edge.dat
1 -1 0.000000 0.000000 0.000000 1.000000 0.000000 0.000000 0.000000 1.000000 0.000000 0.000000 0.000000 1.000000 4-4disc.dat
1 -1 0.000000 0.000000 0.000000 1.000000 0.000000 0.000000 0.000000 1.000000 0.000000 0.000000 0.000000 1.000000 4-4cyli.dat
0 NOFILE
0 FILE 4-4con1.dat
0 Cone 1 x 1.0
0 Name:  4-4con1.dat
0 Author:  Steve Bliss [sbliss]
5 -2 1.000 1.000 0.000 2.000 0.000 0.000
5 -2 0.924 1.000 0.383 1.848 0.000 0.765
5 -2 0.707 1.000 0.707 1.414 0.000 1.414
5 -2 0.383 1.000 0.924 0.765 0.000 1.848
5 -2 0.000 1.000 1.000 0.000 0.000 2.000
5 -2 -0.383 1.000 0.924 -0.765 0.000 1.848
5 -2 -0.707 1.000 0.707 -1.414 0.000 1.414
5 -2 -0.924 1.000 0.383 -1.848 0.000 0.765
5 -2 -1.000 1.000 0.000 -2.000 0.000 0.000
5 -2 -0.924 1.000 -0.383 -1.848 0.000 -0.765
5 -2 -0.707 1.000 -0.707 -1.414 0.000 -1.414
5 -2 -0.383 1.000 -0.924 -0.765 0.000 -1.848
5 -2 0.000 1.000 -1.000 0.000 0.000 -2.000
5 -2 0.383 1.000 -0.924 0.765 0.000 -1.848
5 -2 0.707 1.000 -0.707 1.414 0.000 -1.414
5 -2 0.924 1.000 -0.383 1.848 0.000 -0.765
4 -1 2.000 0.000 0.000 1.000 1.000 0.000 0.924 1.000 0.383 1.848 0.000 0.765
4 -1 1.848 0.000 0.765 0.924 1.000 0.383 0.707 1.000 0.707 1.414 0.000 1.414
4 -1 1.414 0.000 1.414 0.707 1.000 0.707 0.383 1.000 0.924 0.765 0.000 1.848
4 -1 0.765 0.000 1.848 0.383 1.000 0.924 0.000 1.000 1.000 0.000 0.000 2.000
4 -1 0.000 0.000 2.000 0.000 1.000 1.000 -0.383 1.000 0.924 -0.765 0.000 1.848
4 -1 -0.765 0.000 1.848 -0.383 1.000 0.924 -0.707 1.000 0.707 -1.414 0.000 1.414
4 -1 -1.414 0.000 1.414 -0.707 1.000 0.707 -0.924 1.000 0.383 -1.848 0.000 0.765
4 -1 -1.848 0.000 0.765 -0.924 1.000 0.383 -1.000 1.000 0.000 -2.000 0.000 0.000
4 -1 -2.000 0.000 0.000 -1.000 1.000 0.000 -0.924 1.000 -0.383 -1.848 0.000 -0.765
4 -1 -1.848 0.000 -0.765 -0.924 1.000 -0.383 -0.707 1.000 -0.707 -1.414 0.000 -1.414
4 -1 -1.414 0.000 -1.414 -0.707 1.000 -0.707 -0.383 1.000 -0.924 -0.765 0.000 -1.848
4 -1 -0.765 0.000 -1.848 -0.383 1.000 -0.924 0.000 1.000 -1.000 0.000 0.000 -2.000
4 -1 0.000 0.000 -2.000 0.000 1.000 -1.000 0.383 1.000 -0.924 0.765 0.000 -1.848
4 -1 0.765 0.000 -1.848 0.383 1.000 -0.924 0.707 1.000 -0.707 1.414 0.000 -1.414
4 -1 1.414 0.000 -1.414 0.707 1.000 -0.707 0.924 1.000 -0.383 1.848 0.000 -0.765
4 -1 1.848 0.000 -0.765 0.924 1.000 -0.383 1.000 1.000 0.000 2.000 0.000 0.000
0 NOFILE
0 FILE 4-4ring5.dat
0 Ring 5 x 1.0
0 Name:  4-4ring5.dat
0 Author:  Mark Kennedy [mkennedy]
4 -1 6.000 0.000 0.000 5.543 0.000 2.296 4.620 0.000 1.914 5.000 0.000 0.000
4 -1 5.543 0.000 2.296 4.243 0.000 4.243 3.536 0.000 3.536 4.620 0.000 1.914
4 -1 4.243 0.000 4.243 2.296 0.000 5.543 1.914 0.000 4.620 3.536 0.000 3.536
4 -1 2.296 0.000 5.543 0.000 0.000 6.000 0.000 0.000 5.000 1.914 0.000 4.620
4 -1 0.000 0.000 6.000 -2.296 0.000 5.543 -1.914 0.000 4.620 0.000 0.000 5.000
4 -1 -2.296 0.000 5.543 -4.243 0.000 4.243 -3.536 0.000 3.536 -1.914 0.000 4.620
4 -1 -4.243 0.000 4.243 -5.543 0.000 2.296 -4.620 0.000 1.914 -3.536 0.000 3.536
4 -1 -5.543 0.000 2.296 -6.000 0.000 0.000 -5.000 0.000 0.000 -4.620 0.000 1.914
4 -1 -6.000 0.000 0.000 -5.543 0.000 -2.296 -4.620 0.000 -1.914 -5.000 0.000 0.000
4 -1 -5.543 0.000 -2.296 -4.243 0.000 -4.243 -3.536 0.000 -3.536 -4.620 0.000 -1.914
4 -1 -4.243 0.000 -4.243 -2.296 0.000 -5.543 -1.914 0.000 -4.620 -3.536 0.000 -3.536
4 -1 -2.296 0.000 -5.543 0.000 0.000 -6.000 0.000 0.000 -5.000 -1.914 0.000 -4.620
4 -1 0.000 0.000 -6.000 2.296 0.000 -5.543 1.914 0.000 -4.620 0.000 0.000 -5.000
4 -1 2.296 0.000 -5.543 4.243 0.000 -4.243 3.536 0.000 -3.536 1.914 0.000 -4.620
4 -1 4.243 0.000 -4.243 5.543 0.000 -2.296 4.620 0.000 -1.914 3.536 0.000 -3.536
4 -1 5.543 0.000 -2.296 6.000 0.000 0.000 5.000 0.000 0.000 4.620 0.000 -1.914
0 NOFILE
0 FILE stud4a.dat
0 Stud Tube Open without Base Edges
0 Name:  stud4a.dat
0 Author:  James Jessiman
1 -1 0.000000 -4.000000 0.000000 6.000000 0.000000 0.000000 0.000000 1.000000 0.000000 0.000000 0.000000 6.000000 4-4edge.dat
1 -1 0.000000 -4.000000 0.000000 8.000000 0.000000 0.000000 0.000000 1.000000 0.000000 0.000000 0.000000 8.000000 4-4edge.dat
1 -1 0.000000 -4.000000 0.000000 6.000000 0.000000 0.000000 0.000000 4.000000 0.000000 0.000000 0.000000 6.000000 4-4cyli.dat
1 -1 0.000000 -4.000000 0.000000 8.000000 0.000000 0.000000 0.000000 4.000000 0.000000 0.000000 0.000000 8.000000 4-4cyli.dat
1 -1 0.000000 -4.000000 0.000000 2.000000 0.000000 0.000000 0.000000 1.000000 0.000000 0.000000 0.000000 2.000000 4-4ring3.dat
0 NOFILE
0 FILE 3-4cyli.dat
0 Cylinder 0.75
0 Name:  3-4cyli.dat
0 Author:  James Jessiman
4 -1 0.924 1.000 0.383 0.924 0.000 0.383 1.000 0.000 0.000 1.000 1.000 0.000
4 -1 0.707 1.000 0.707 0.707 0.000 0.707 0.924 0.000 0.383 0.924 1.000 0.383
4 -1 0.383 1.000 0.924 0.383 0.000 0.924 0.707 0.000 0.707 0.707 1.000 0.707
4 -1 0.000 1.000 1.000 0.000 0.000 1.000 0.383 0.000 0.924 0.383 1.000 0.924
4 -1 -0.383 1.000 0.924 -0.383 0.000 0.924 0.000 0.000 1.000 0.000 1.000 1.000
4 -1 -0.707 1.000 0.707 -0.707 0.000 0.707 -0.383 0.000 0.924 -0.383 1.000 0.924
4 -1 -0.924 1.000 0.383 -0.924 0.000 0.383 -0.707 0.000 0.707 -0.707 1.000 0.707
4 -1 -1.000 1.000 0.000 -1.000 0.000 0.000 -0.924 0.000 0.383 -0.924 1.000 0.383
4 -1 -0.924 1.000 -0.383 -0.924 0.000 -0.383 -1.000 0.000 0.000 -1.000 1.000 0.000
4 -1 -0.707 1.000 -0.707 -0.707 0.000 -0.707 -0.924 0.000 -0.383 -0.924 1.000 -0.383
4 -1 -0.383 1.000 -0.924 -0.383 0.000 -0.924 -0.707 0.000 -0.707 -0.707 1.000 -0.707
4 -1 0.000 1.000 -1.000 0.000 0.000 -1.000 -0.383 0.000 -0.924 -0.383 1.000 -0.924
5 -2 1.000 1.000 0.000 1.000 0.000 0.000
5 -2 0.924 1.000 0.383 0.924 0.000 0.383
5 -2 0.707 1.000 0.707 0.707 0.000 0.707
5 -2 0.383 1.000 0.924 0.383 0.000 0.924
5 -2 0.000 1.000 1.000 0.000 0.000 1.000
5 -2 -0.383 1.000 0.924 -0.383 0.000 0.924
5 -2 -0.707 1.000 0.707 -0.707 0.000 0.707
5 -2 -0.924 1.000 0.383 -0.924 0.000 0.383
5 -2 -1.000 1.000 0.000 -1.000 0.000 0.000
5 -2 -0.924 1.000 -0.383 -0.924 0.000 -0.383
5 -2 -0.707 1.000 -0.707 -0.707 0.000 -0.707
5 -2 -0.383 1.000 -0.924 -0.383 0.000 -0.924
5 -2 0.000 1.000 -1.000 0.000 0.000 -1.000
0 NOFILE
0 FILE t01o2500.dat
0 Torus Outside 1 x 0.2500 x 1
0 Name:  t01o2500.dat
0 Author:  Michael Heidemann [mikeheide]
4 -1 1.000 0.250 0.000 0.924 0.250 0.383 1.012 0.231 0.419 1.096 0.231 0.000
4 -1 1.096 0.231 0.000 1.012 0.231 0.419 1.087 0.177 0.450 1.177 0.177 0.000
4 -1 1.177 0.177 0.000 1.087 0.177 0.450 1.137 0.096 0.471 1.231 0.096 0.000
4 -1 1.231 0.096 0.000 1.137 0.096 0.471 1.155 0.000 0.478 1.250 0.000 0.000
4 -1 0.924 0.250 0.383 0.707 0.250 0.707 0.775 0.231 0.775 1.012 0.231 0.419
4 -1 1.012 0.231 0.419 0.775 0.231 0.775 0.832 0.177 0.832 1.087 0.177 0.450
4 -1 1.087 0.177 0.450 0.832 0.177 0.832 0.870 0.096 0.870 1.137 0.096 0.471
4 -1 1.137 0.096 0.471 0.870 0.096 0.870 0.884 0.000 0.884 1.155 0.000 0.478
4 -1 0.707 0.250 0.707 0.383 0.250 0.924 0.419 0.231 1.012 0.775 0.231 0.775
4 -1 0.775 0.231 0.775 0.419 0.231 1.012 0.450 0.177 1.087 0.832 0.177 0.832
4 -1 0.832 0.177 0.832 0.450 0.177 1.087 0.471 0.096 1.137 0.870 0.096 0.870
4 -1 0.870 0.096 0.870 0.471 0.096 1.137 0.478 0.000 1.155 0.884 0.000 0.884
4 -1 0.383 0.250 0.924 0.000 0.250 1.000 0.000 0.231 1.096 0.419 0.231 1.012
4 -1 0.419 0.231 1.012 0.000 0.231 1.096 0.000 0.177 1.177 0.450 0.177 1.087
4 -1 0.450 0.177 1.087 0.000 0.177 1.177 0.000 0.096 1.231 0.471 0.096 1.137
4 -1 0.471 0.096 1.137 0.000 0.096 1.231 0.000 0.000 1.250 0.478 0.000 1.155
4 -1 0.000 0.250 1.000 -0.383 0.250 0.924 -0.419 0.231 1.012 0.000 0.231 1.096
4 -1 0.000 0.231 1.096 -0.419 0.231 1.012 -0.450 0.177 1.087 0.000 0.177 1.177
4 -1 0.000 0.177 1.177 -0.450 0.177 1.087 -0.471 0.096 1.137 0.000 0.096 1.231
4 -1 0.000 0.096 1.231 -0.471 0.096 1.137 -0.478 0.000 1.155 0.000 0.000 1.250
4 -1 -0.383 0.250 0.924 -0.707 0.250 0.707 -0.775 0.231 0.775 -0.419 0.231 1.012
4 -1 -0.419 0.231 1.012 -0.775 0.231 0.775 -0.832 0.177 0.832 -0.450 0.177 1.087
4 -1 -0.450 0.177 1.087 -0.832 0.177 0.832 -0.870 0.096 0.870 -0.471 0.096 1.137
4 -1 -0.471 0.096 1.137 -0.870 0.096 0.870 -0.884 0.000 0.884 -0.478 0.000 1.155
4 -1 -0.707 0.250 0.707 -0.924 0.250 0.383 -1.012 0.231 0.419 -0.775 0.231 0.775
4 -1 -0.775 0.231 0.775 -1.012 0.231 0.419 -1.087 0.177 0.450 -0.832 0.177 0.832
4 -1 -0.832 0.177 0.832 -1.087 0.177 0.450 -1.137 0.096 0.471 -0.870 0.096 0.870
4 -1 -0.870 0.096 0.870 -1.137 0.096 0.471 -1.155 0.000 0.478 -0.884 0.000 0.884
4 -1 -0.924 0.250 0.383 -1.000 0.250 0.000 -1.096 0.231 0.000 -1.012 0.231 0.419
4 -1 -1.012 0.231 0.419 -1.096 0.231 0.000 -1.177 0.177 0.000 -1.087 0.177 0.450
4 -1 -1.087 0.177 0.450 -1.177 0.177 0.000 -1.231 0.096 0.000 -1.137 0.096 0.471
4 -1 -1.137 0.096 0.471 -1.231 0.096 0.000 -1.250 0.000 0.000 -1.155 0.000 0.478
4 -1 -1.000 0.250 0.000 -0.924 0.250 -0.383 -1.012 0.231 -0.419 -1.096 0.231 0.000
4 -1 -1.096 0.231 0.000 -1.012 0.231 -0.419 -1.087 0.177 -0.450 -1.177 0.177 0.000
4 -1 -1.177 0.177 0.000 -1.087 0.177 -0.450 -1.137 0.096 -0.471 -1.231 0.096 0.000
4 -1 -1.231 0.096 0.000 -1.137 0.096 -0.471 -1.155 0.000 -0.478 -1.250 0.000 0.000
4 -1 -0.924 0.250 -0.383 -0.707 0.250 -0.707 -0.775 0.231 -0.775 -1.012 0.231 -0.419
4 -1 -1.012 0.231 -0.419 -0.775 0.231 -0.775 -0.832 0.177 -0.832 -1.087 0.177 -0.450
4 -1 -1.087 0.177 -0.450 -0.832 0.177 -0.832 -0.870 0.096 -0.870 -1.137 0.096 -0.471
4 -1 -1.137 0.096 -0.471 -0.870 0.096 -0.870 -0.884 0.000 -0.884 -1.155 0.000 -0.478
4 -1 -0.707 0.250 -0.707 -0.383 0.250 -0.924 -0.419 0.231 -1.012 -0.775 0.231 -0.775
4 -1 -0.775 0.231 -0.775 -0.419 0.231 -1.012 -0.450 0.177 -1.087 -0.832 0.177 -0.832
4 -1 -0.832 0.177 -0.832 -0.450 0.177 -1.087 -0.471 0.096 -1.137 -0.870 0.096 -0.870
4 -1 -0.870 0.096 -0.870 -0.471 0.096 -1.137 -0.478 0.000 -1.155 -0.884 0.000 -0.884
4 -1 -0.383 0.250 -0.924 0.000 0.250 -1.000 0.000 0.231 -1.096 -0.419 0.231 -1.012
4 -1 -0.419 0.231 -1.012 0.000 0.231 -1.096 0.000 0.177 -1.177 -0.450 0.177 -1.087
4 -1 -0.450 0.177 -1.087 0.000 0.177 -1.177 0.000 0.096 -1.231 -0.471 0.096 -1.137
4 -1 -0.471 0.096 -1.137 0.000 0.096 -1.231 0.000 0.000 -1.250 -0.478 0.000 -1.155
4 -1 0.000 0.250 -1.000 0.383 0.250 -0.924 0.419 0.231 -1.012 0.000 0.231 -1.096
4 -1 0.000 0.231 -1.096 0.419 0.231 -1.012 0.450 0.177 -1.087 0.000 0.177 -1.177
4 -1 0.000 0.177 -1.177 0.450 0.177 -1.087 0.471 0.096 -1.137 0.000 0.096 -1.231
4 -1 0.000 0.096 -1.231 0.471 0.096 -1.137 0.478 0.000 -1.155 0.000 0.000 -1.250
4 -1 0.383 0.250 -0.924 0.707 0.250 -0.707 0.775 0.231 -0.775 0.419 0.231 -1.012
4 -1 0.419 0.231 -1.012 0.775 0.231 -0.775 0.832 0.177 -0.832 0.450 0.177 -1.087
4 -1 0.450 0.177 -1.087 0.832 0.177 -0.832 0.870 0.096 -0.870 0.471 0.096 -1.137
4 -1 0.471 0.096 -1.137 0.870 0.096 -0.870 0.884 0.000 -0.884 0.478 0.000 -1.155
4 -1 0.707 0.250 -0.707 0.924 0.250 -0.383 1.012 0.231 -0.419 0.775 0.231 -0.775
4 -1 0.775 0.231 -0.775 1.012 0.231 -0.419 1.087 0.177 -0.450 0.832 0.177 -0.832
4 -1 0.832 0.177 -0.832 1.087 0.177 -0.450 1.137 0.096 -0.471 0.870 0.096 -0.870
4 -1 0.870 0.096 -0.870 1.137 0.096 -0.471 1.155 0.000 -0.478 0.884 0.000 -0.884
4 -1 0.924 0.250 -0.383 1.000 0.250 0.000 1.096 0.231 0.000 1.012 0.231 -0.419
4 -1 1.012 0.231 -0.419 1.096 0.231 0.000 1.177 0.177 0.000 1.087 0.177 -0.450
4 -1 1.087 0.177 -0.450 1.177 0.177 0.000 1.231 0.096 0.000 1.137 0.096 -0.471
4 -1 1.137 0.096 -0.471 1.231 0.096 0.000 1.250 0.000 0.000 1.155 0.000 -0.478
5 -2 1.000 0.250 0.000 0.924 0.250 0.383
5 -2 1.000 0.250 0.000 1.096 0.231 0.000
5 -2 1.096 0.231 0.000 1.012 0.231 0.419
5 -2 1.096 0.231 0.000 1.177 0.177 0.000
5 -2 1.177 0.177 0.000 1.087 0.177 0.450
5 -2 1.177 0.177 0.000 1.231 0.096 0.000
5 -2 1.231 0.096 0.000 1.137 0.096 0.471
5 -2 1.231 0.096 0.000 1.250 0.000 0.000
5 -2 1.250 0.000 0.000 1.155 0.000 0.478
5 -2 0.924 0.250 0.383 0.707 0.250 0.707
5 -2 0.924 0.250 0.383 1.012 0.231 0.419
5 -2 1.012 0.231 0.419 0.775 0.231 0.775
5 -2 1.012 0.231 0.419 1.087 0.177 0.450
5 -2 1.087 0.177 0.450 0.832 0.177 0.832
5 -2 1.087 0.177 0.450 1.137 0.096 0.471
5 -2 1.137 0.096 0.471 0.870 0.096 0.870
5 -2 1.137 0.096 0.471 1.155 0.000 0.478
5 -2 1.155 0.000 0.478 0.884 0.000 0.884
5 -2 0.707 0.250 0.707 0.383 0.250 0.924
5 -2 0.707 0.250 0.707 0.775 0.231 0.775
5 -2 0.775 0.231 0.775 0.419 0.231 1.012
5 -2 0.775 0.231 0.775 0.832 0.177 0.832
5 -2 0.832 0.177 0.832 0.450 0.177 1.087
5 -2 0.832 0.177 0.832 0.870 0.096 0.870
5 -2 0.870 0.096 0.870 0.471 0.096 1.137
5 -2 0.870 0.096 0.870 0.884 0.000 0.884
5 -2 0.884 0.000 0.884 0.478 0.000 1.155
5 -2 0.383 0.250 0.924 0.000 0.250 1.000
5 -2 0.383 0.250 0.924 0.419 0.231 1.012
5 -2 0.419 0.231 1.012 0.000 0.231 1.096
5 -2 0.419 0.231 1.012 0.450 0.177 1.087
5 -2 0.450 0.177 1.087 0.000 0.177 1.177
5 -2 0.450 0.177 1.087 0.471 0.096 1.137
5 -2 0.471 0.096 1.137 0.000 0.096 1.231
5 -2 0.471 0.096 1.137 0.478 0.000 1.155
5 -2 0.478 0.000 1.155 0.000 0.000 1.250
5 -2 0.000 0.250 1.000 -0.383 0.250 0.924
5 -2 0.000 0.250 1.000 0.000 0.231 1.096
5 -2 0.000 0.231 1.096 -0.419 0.231 1.012
5 -2 0.000 0.231 1.096 0.000 0.177 1.177
5 -2 0.000 0.177 1.177 -0.450 0.177 1.087
5 -2 0.000 0.177 1.177 0.000 0.096 1.231
5 -2 0.000 0.096 1.231 -0.471 0.096 1.137
5 -2 0.000 0.096 1.231 0.000 0.000 1.250
5 -2 0.000 0.000 1.250 -0.478 0.000 1.155
5 -2 -0.383 0.250 0.924 -0.707 0.250 0.707
5 -2 -0.383 0.250 0.924 -0.419 0.231 1.012
5 -2 -0.419 0.231 1.012 -0.775 0.231 0.775
5 -2 -0.419 0.231 1.012 -0.450 0.177 1.087
5 -2 -0.450 0.177 1.087 -0.832 0.177 0.832
5 -2 -0.450 0.177 1.087 -0.471 0.096 1.137
5 -2 -0.471 0.096 1.137 -0.870 0.096 0.870
5 -2 -0.471 0.096 1.137 -0.478 0.000 1.155
5 -2 -0.478 0.000 1.155 -0.884 0.000 0.884
5 -2 -0.707 0.250 0.707 -0.924 0.250 0.383
5 -2 -0.707 0.250 0.707 -0.775 0.231 0.775
5 -2 -0.775 0.231 0.775 -1.012 0.231 0.419
5 -2 -0.775 0.231 0.775 -0.832 0.177 0.832
5 -2 -0.832 0.177 0.832 -1.087 0.177 0.450
5 -2 -0.832 0.177 0.832 -0.870 0.096 0.870
5 -2 -0.870 0.096 0.870 -1.137 0.096 0.471
5 -2 -0.870 0.096 0.870 -0.884 0.000 0.884
5 -2 -0.884 0.000 0.884 -1.155 0.000 0.478
5 -2 -0.924 0.250 0.383 -1.000 0.250 0.000
5 -2 -0.924 0.250 0.383 -1.012 0.231 0.419
5 -2 -1.012 0.231 0.419 -1.096 0.231 0.000
5 -2 -1.012 0.231 0.419 -1.087 0.177 0.450
5 -2 -1.087 0.177 0.450 -1.177 0.177 0.000
5 -2 -1.087 0.177 0.450 -1.137 0.096 0.471
5 -2 -1.137 0.096 0.471 -1.231 0.096 0.000
5 -2 -1.137 0.096 0.471 -1.155 0.000 0.478
5 -2 -1.155 0.000 0.478 -1.250 0.000 0.000
5 -2 -1.000 0.250 0.000 -0.924 0.250 -0.383
5 -2 -1.000 0.250 0.000 -1.096 0.231 0.000
5 -2 -1.096 0.231 0.000 -1.012 0.231 -0.419
5 -2 -1.096 0.231 0.000 -1.177 0.177 0.000
5 -2 -1.177 0.177 0.000 -1.087 0.177 -0.450
5 -2 -1.177 0.177 0.000 -1.231 0.096 0.000
5 -2 -1.231 0.096 0.000 -1.137 0.096 -0.471
5 -2 -1.231 0.096 0.000 -1.250 0.000 0.000
5 -2 -1.250 0.000 0.000 -1.155 0.000 -0.478
5 -2 -0.924 0.250 -0.383 -0.707 0.250 -0.707
5 -2 -0.924 0.250 -0.383 -1.012 0.231 -0.419
5 -2 -1.012 0.231 -0.419 -0.775 0.231 -0.775
5 -2 -1.012 0.231 -0.419 -1.087 0.177 -0.450
5 -2 -1.087 0.177 -0.450 -0.832 0.177 -0.832
5 -2 -1.087 0.177 -0.450 -1.137 0.096 -0.471
5 -2 -1.137 0.096 -0.471 -0.870 0.096 -0.870
5 -2 -1.137 0.096 -0.471 -1.155 0.000 -0.478
5 -2 -1.155 0.000 -0.478 -0.884 0.000 -0.884
5 -2 -0.707 0.250 -0.707 -0.383 0.250 -0.924
5 -2 -0.707 0.250 -0.707 -0.775 0.231 -0.775
5 -2 -0.775 0.231 -0.775 -0.419 0.231 -1.012
5 -2 -0.775 0.231 -0.775 -0.832 0.177 -0.832
5 -2 -0.832 0.177 -0.832 -0.450 0.177 -1.087
5 -2 -0.832 0.177 -0.832 -0.870 0.096 -0.870
5 -2 -0.870 0.096 -0.870 -0.471 0.096 -1.137
5 -2 -0.870 0.096 -0.870 -0.884 0.000 -0.884
5 -2 -0.884 0.000 -0.884 -0.478 0.000 -1.155
5 -2 -0.383 0.250 -0.924 0.000 0.250 -1.000
5 -2 -0.383 0.250 -0.924 -0.419 0.231 -1.012
5 -2 -0.419 0.231 -1.012 0.000 0.231 -1.096
5 -2 -0.419 0.231 -1.012 -0.450 0.177 -1.087
5 -2 -0.450 0.177 -1.087 0.000 0.177 -1.177
5 -2 -0.450 0.177 -1.087 -0.471 0.096 -1.137
5 -2 -0.471 0.096 -1.137 0.000 0.096 -1.231
5 -2 -0.471 0.096 -1.137 -0.478 0.000 -1.155
5 -2 -0.478 0.000 -1.155 0.000 0.000 -1.250
5 -2 0.000 0.250 -1.000 0.383 0.250 -0.924
5 -2 0.000 0.250 -1.000 0.000 0.231 -1.096
5 -2 0.000 0.231 -1.096 0.419 0.231 -1.012
5 -2 0.000 0.231 -1.096 0.000 0.177 -1.177
5 -2 0.000 0.177 -1.177 0.450 0.177 -1.087
5 -2 0.000 0.177 -1.177 0.000 0.096 -1.231
5 -2 0.000 0.096 -1.231 0.471 0.096 -1.137
5 -2 0.000 0.096 -1.231 0.000 0.000 -1.250
5 -2 0.000 0.000 -1.250 0.478 0.000 -1.155
5 -2 0.383 0.250 -0.924 0.707 0.250 -0.707
5 -2 0.383 0.250 -0.924 0.419 0.231 -1.012
5 -2 0.419 0.231 -1.012 0.775 0.231 -0.775
5 -2 0.419 0.231 -1.012 0.450 0.177 -1.087
5 -2 0.450 0.177 -1.087 0.832 0.177 -0.832
5 -2 0.450 0.177 -1.087 0.471 0.096 -1.137
5 -2 0.471 0.096 -1.137 0.870 0.096 -0.870
5 -2 0.471 0.096 -1.137 0.478 0.000 -1.155
5 -2 0.478 0.000 -1.155 0.884 0.000 -0.884
5 -2 0.707 0.250 -0.707 0.924 0.250 -0.383
5 -2 0.707 0.250 -0.707 0.775 0.231 -0.775
5 -2 0.775 0.231 -0.775 1.012 0.231 -0.419
5 -2 0.775 0.231 -0.775 0.832 0.177 -0.832
5 -2 0.832 0.177 -0.832 1.087 0.177 -0.450
5 -2 0.832 0.177 -0.832 0.870 0.096 -0.870
5 -2 0.870 0.096 -0.870 1.137 0.096 -0.471
5 -2 0.870 0.096 -0.870 0.884 0.000 -0.884
5 -2 0.884 0.000 -0.884 1.155 0.000 -0.478
5 -2 0.924 0.250 -0.383 1.000 0.250 0.000
5 -2 0.924 0.250 -0.383 1.012 0.231 -0.419
5 -2 1.012 0.231 -0.419 1.096 0.231 0.000
5 -2 1.012 0.231 -0.419 1.087 0.177 -0.450
5 -2 1.087 0.177 -0.450 1.177 0.177 0.000
5 -2 1.087 0.177 -0.450 1.137 0.096 -0.471
5 -2 1.137 0.096 -0.471 1.231 0.096 0.000
5 -2 1.137 0.096 -0.471 1.155 0.000 -0.478
5 -2 1.155 0.000 -0.478 1.250 0.000 0.000
0 NOFILE
0 FILE t04i5000.dat
0 Torus Inside 1 x 0.5000 x 0.25
0 Name:  t04i5000.dat
0 Author:  Paul Easter [pneaster]
4 -1 0.500 0.000 0.000 0.462 0.000 0.191 0.497 0.191 0.206 0.538 0.191 0.000
4 -1 0.538 0.191 0.000 0.497 0.191 0.206 0.597 0.354 0.247 0.647 0.354 0.000
4 -1 0.647 0.354 0.000 0.597 0.354 0.247 0.747 0.462 0.310 0.809 0.462 0.000
4 -1 0.809 0.462 0.000 0.747 0.462 0.310 0.924 0.500 0.383 1.000 0.500 0.000
4 -1 0.462 0.000 0.191 0.354 0.000 0.354 0.381 0.191 0.381 0.497 0.191 0.206
4 -1 0.497 0.191 0.206 0.381 0.191 0.381 0.457 0.354 0.457 0.597 0.354 0.247
4 -1 0.597 0.354 0.247 0.457 0.354 0.457 0.572 0.462 0.572 0.747 0.462 0.310
4 -1 0.747 0.462 0.310 0.572 0.462 0.572 0.707 0.500 0.707 0.924 0.500 0.383
4 -1 0.354 0.000 0.354 0.191 0.000 0.462 0.206 0.191 0.497 0.381 0.191 0.381
4 -1 0.381 0.191 0.381 0.206 0.191 0.497 0.247 0.354 0.597 0.457 0.354 0.457
4 -1 0.457 0.354 0.457 0.247 0.354 0.597 0.310 0.462 0.747 0.572 0.462 0.572
4 -1 0.572 0.462 0.572 0.310 0.462 0.747 0.383 0.500 0.924 0.707 0.500 0.707
4 -1 0.191 0.000 0.462 0.000 0.000 0.500 0.000 0.191 0.538 0.206 0.191 0.497
4 -1 0.206 0.191 0.497 0.000 0.191 0.538 0.000 0.354 0.647 0.247 0.354 0.597
4 -1 0.247 0.354 0.597 0.000 0.354 0.647 0.000 0.462 0.809 0.310 0.462 0.747
4 -1 0.310 0.462 0.747 0.000 0.462 0.809 0.000 0.500 1.000 0.383 0.500 0.924
5 -2 0.500 0.000 0.000 0.462 0.000 0.191
5 -2 0.500 0.000 0.000 0.538 0.191 0.000
5 -2 0.538 0.191 0.000 0.497 0.191 0.206
5 -2 0.538 0.191 0.000 0.647 0.354 0.000
5 -2 0.647 0.354 0.000 0.597 0.354 0.247
5 -2 0.647 0.354 0.000 0.809 0.462 0.000
5 -2 0.809 0.462 0.000 0.747 0.462 0.310
5 -2 0.809 0.462 0.000 1.000 0.500 0.000
5 -2 1.000 0.500 0.000 0.924 0.500 0.383
5 -2 0.462 0.000 0.191 0.354 0.000 0.354
5 -2 0.462 0.000 0.191 0.497 0.191 0.206
5 -2 0.497 0.191 0.206 0.381 0.191 0.381
5 -2 0.497 0.191 0.206 0.597 0.354 0.247
5 -2 0.597 0.354 0.247 0.457 0.354 0.457
5 -2 0.597 0.354 0.247 0.747 0.462 0.310
5 -2 0.747 0.462 0.310 0.572 0.462 0.572
5 -2 0.747 0.462 0.310 0.924 0.500 0.383
5 -2 0.924 0.500 0.383 0.707 0.500 0.707
5 -2 0.354 0.000 0.354 0.191 0.000 0.462
5 -2 0.354 0.000 0.354 0.381 0.191 0.381
5 -2 0.381 0.191 0.381 0.206 0.191 0.497
5 -2 0.381 0.191 0.381 0.457 0.354 0.457
5 -2 0.457 0.354 0.457 0.247 0.354 0.597
5 -2 0.457 0.354 0.457 0.572 0.462 0.572
5 -2 0.572 0.462 0.572 0.310 0.462 0.747
5 -2 0.572 0.462 0.572 0.707 0.500 0.707
5 -2 0.707 0.500 0.707 0.383 0.500 0.924
5 -2 0.191 0.000 0.462 0.000 0.000 0.500
5 -2 0.191 0.000 0.462 0.206 0.191 0.497
5 -2 0.206 0.191 0.497 0.000 0.191 0.538
5 -2 0.206 0.191 0.497 0.247 0.354 0.597
5 -2 0.247 0.354 0.597 0.000 0.354 0.647
5 -2 0.247 0.354 0.597 0.310 0.462 0.747
5 -2 0.310 0.462 0.747 0.000 0.462 0.809
5 -2 0.310 0.462 0.747 0.383 0.500 0.924
5 -2 0.383 0.500 0.924 0.000 0.500 1.000
5 -2 0.000 0.000 0.500 0.000 0.191 0.538
5 -2 0.000 0.191 0.538 0.000 0.354 0.647
5 -2 0.000 0.354 0.647 0.000 0.462 0.809
5 -2 0.000 0.462 0.809 0.000 0.500 1.000
0 NOFILE
0 FILE t04i2667.dat
0 Torus Inside 1 x 0.2667 x 0.25
0 Name:  t04i2667.dat
0 Author:  Niels Karsdorp [nielsk]
4 -1 0.733 0.000 0.000 0.678 0.000 0.281 0.696 0.102 0.288 0.754 0.102 0.000
4 -1 0.754 0.102 0.000 0.696 0.102 0.288 0.750 0.189 0.311 0.811 0.189 0.000
4 -1 0.811 0.189 0.000 0.750 0.189 0.311 0.830 0.246 0.344 0.898 0.246 0.000
4 -1 0.898 0.246 0.000 0.830 0.246 0.344 0.924 0.267 0.383 1.000 0.267 0.000
4 -1 0.678 0.000 0.281 0.519 0.000 0.519 0.533 0.102 0.533 0.696 0.102 0.288
4 -1 0.696 0.102 0.288 0.533 0.102 0.533 0.574 0.189 0.574 0.750 0.189 0.311
4 -1 0.750 0.189 0.311 0.574 0.189 0.574 0.635 0.246 0.635 0.830 0.246 0.344
4 -1 0.830 0.246 0.344 0.635 0.246 0.635 0.707 0.267 0.707 0.924 0.267 0.383
4 -1 0.519 0.000 0.519 0.281 0.000 0.678 0.288 0.102 0.696 0.533 0.102 0.533
4 -1 0.533 0.102 0.533 0.288 0.102 0.696 0.311 0.189 0.750 0.574 0.189 0.574
4 -1 0.574 0.189 0.574 0.311 0.189 0.750 0.344 0.246 0.830 0.635 0.246 0.635
4 -1 0.635 0.246 0.635 0.344 0.246 0.830 0.383 0.267 0.924 0.707 0.267 0.707
4 -1 0.281 0.000 0.678 0.000 0.000 0.733 0.000 0.102 0.754 0.288 0.102 0.696
4 -1 0.288 0.102 0.696 0.000 0.102 0.754 0.000 0.189 0.811 0.311 0.189 0.750
4 -1 0.311 0.189 0.750 0.000 0.189 0.811 0.000 0.246 0.898 0.344 0.246 0.830
4 -1 0.344 0.246 0.830 0.000 0.246 0.898 0.000 0.267 1.000 0.383 0.267 0.924
5 -2 0.733 0.000 0.000 0.678 0.000 0.281
5 -2 0.733 0.000 0.000 0.754 0.102 0.000
5 -2 0.754 0.102 0.000 0.696 0.102 0.288
5 -2 0.754 0.102 0.000 0.811 0.189 0.000
5 -2 0.811 0.189 0.000 0.750 0.189 0.311
5 -2 0.811 0.189 0.000 0.898 0.246 0.000
5 -2 0.898 0.246 0.000 0.830 0.246 0.344
5 -2 0.898 0.246 0.000 1.000 0.267 0.000
5 -2 1.000 0.267 0.000 0.924 0.267 0.383
5 -2 0.678 0.000 0.281 0.519 0.000 0.519
5 -2 0.678 0.000 0.281 0.696 0.102 0.288
5 -2 0.696 0.102 0.288 0.533 0.102 0.533
5 -2 0.696 0.102 0.288 0.750 0.189 0.311
5 -2 0.750 0.189 0.311 0.574 0.189 0.574
5 -2 0.750 0.189 0.311 0.830 0.246 0.344
5 -2 0.830 0.246 0.344 0.635 0.246 0.635
5 -2 0.830 0.246 0.344 0.924 0.267 0.383
5 -2 0.924 0.267 0.383 0.707 0.267 0.707
5 -2 0.519 0.000 0.519 0.281 0.000 0.678
5 -2 0.519 0.000 0.519 0.533 0.102 0.533
5 -2 0.533 0.102 0.533 0.288 0.102 0.696
5 -2 0.533 0.102 0.533 0.574 0.189 0.574
5 -2 0.574 0.189 0.574 0.311 0.189 0.750
5 -2 0.574 0.189 0.574 0.635 0.246 0.635
5 -2 0.635 0.246 0.635 0.344 0.246 0.830
5 -2 0.635 0.246 0.635 0.707 0.267 0.707
5 -2 0.707 0.267 0.707 0.383 0.267 0.924
5 -2 0.281 0.000 0.678 0.000 0.000 0.733
5 -2 0.281 0.000 0.678 0.288 0.102 0.696
5 -2 0.288 0.102 0.696 0.000 0.102 0.754
5 -2 0.288 0.102 0.696 0.311 0.189 0.750
5 -2 0.311 0.189 0.750 0.000 0.189 0.811
5 -2 0.311 0.189 0.750 0.344 0.246 0.830
5 -2 0.344 0.246 0.830 0.000 0.246 0.898
5 -2 0.344 0.246 0.830 0.383 0.267 0.924
5 -2 0.383 0.267 0.924 0.000 0.267 1.000
5 -2 0.000 0.000 0.733 0.000 0.102 0.754
5 -2 0.000 0.102 0.754 0.000 0.189 0.811
5 -2 0.000 0.189 0.811 0.000 0.246 0.898
5 -2 0.000 0.246 0.898 0.000 0.267 1.000
0 NOFILE
0 FILE 4-4rin10.dat
0 Ring 10 x 1.0
0 Name:  4-4rin10.dat
0 Author:  Paul Easter [pneaster]
4 -1 11.000 0.000 0.000 10.163 0.000 4.210 9.239 0.000 3.827 10.000 0.000 0.000
4 -1 10.163 0.000 4.210 7.778 0.000 7.778 7.071 0.000 7.071 9.239 0.000 3.827
4 -1 7.778 0.000 7.778 4.210 0.000 10.163 3.827 0.000 9.239 7.071 0.000 7.071
4 -1 4.210 0.000 10.163 0.000 0.000 11.000 0.000 0.000 10.000 3.827 0.000 9.239
4 -1 0.000 0.000 11.000 -4.210 0.000 10.163 -3.827 0.000 9.239 0.000 0.000 10.000
4 -1 -4.210 0.000 10.163 -7.778 0.000 7.778 -7.071 0.000 7.071 -3.827 0.000 9.239
4 -1 -7.778 0.000 7.778 -10.163 0.000 4.210 -9.239 0.000 3.827 -7.071 0.000 7.071
4 -1 -10.163 0.000 4.210 -11.000 0.000 0.000 -10.000 0.000 0.000 -9.239 0.000 3.827
4 -1 -11.000 0.000 0.000 -10.163 0.000 -4.210 -9.239 0.000 -3.827 -10.000 0.000 0.000
4 -1 -10.163 0.000 -4.210 -7.778 0.000 -7.778 -7.071 0.000 -7.071 -9.239 0.000 -3.827
4 -1 -7.778 0.000 -7.778 -4.210 0.000 -10.163 -3.827 0.000 -9.239 -7.071 0.000 -7.071
4 -1 -4.210 0.000 -10.163 0.000 0.000 -11.000 0.000 0.000 -10.000 -3.827 0.000 -9.239
4 -1 0.000 0.000 -11.000 4.210 0.000 -10.163 3.827 0.000 -9.239 0.000 0.000 -10.000
4 -1 4.210 0.000 -10.163 7.778 0.000 -7.778 7.071 0.000 -7.071 3.827 0.000 -9.239
4 -1 7.778 0.000 -7.778 10.163 0.000 -4.210 9.239 0.000 -3.827 7.071 0.000 -7.071
4 -1 10.163 0.000 -4.210 11.000 0.000 0.000 10.000 0.000 0.000 9.239 0.000 -3.827
0 NOFILE
0 FILE 4-4ring9.dat
0 Ring 9 x 1.0
0 Name:  4-4ring9.dat
0 Author:  John Riley [jriley]
4 -1 9.000 0.000 0.000 10.000 0.000 0.000 9.239 0.000 3.827 8.315 0.000 3.444
4 -1 8.315 0.000 3.444 9.239 0.000 3.827 7.071 0.000 7.071 6.364 0.000 6.364
4 -1 6.364 0.000 6.364 7.071 0.000 7.071 3.827 0.000 9.239 3.444 0.000 8.315
4 -1 3.444 0.000 8.315 3.827 0.000 9.239 0.000 0.000 10.000 0.000 0.000 9.000
4 -1 0.000 0.000 9.000 0.000 0.000 10.000 -3.827 0.000 9.239 -3.444 0.000 8.315
4 -1 -3.444 0.000 8.315 -3.827 0.000 9.239 -7.071 0.000 7.071 -6.364 0.000 6.364
4 -1 -6.364 0.000 6.364 -7.071 0.000 7.071 -9.239 0.000 3.827 -8.315 0.000 3.444
4 -1 -8.315 0.000 3.444 -9.239 0.000 3.827 -10.000 0.000 0.000 -9.000 0.000 0.000
4 -1 -9.000 0.000 0.000 -10.000 0.000 0.000 -9.239 0.000 -3.827 -8.315 0.000 -3.444
4 -1 -8.315 0.000 -3.444 -9.239 0.000 -3.827 -7.071 0.000 -7.071 -6.364 0.000 -6.364
4 -1 -6.364 0.000 -6.364 -7.071 0.000 -7.071 -3.827 0.000 -9.239 -3.444 0.000 -8.315
4 -1 -3.444 0.000 -8.315 -3.827 0.000 -9.239 0.000 0.000 -10.000 0.000 0.000 -9.000
4 -1 0.000 0.000 -9.000 0.000 0.000 -10.000 3.827 0.000 -9.239 3.444 0.000 -8.315
4 -1 3.444 0.000 -8.315 3.827 0.000 -9.239 7.071 0.000 -7.071 6.364 0.000 -6.364
4 -1 6.364 0.000 -6.364 7.071 0.000 -7.071 9.239 0.000 -3.827 8.315 0.000 -3.444
4 -1 8.315 0.000 -3.444 9.239 0.000 -3.827 10.000 0.000 0.000 9.000 0.000 0.000
0 NOFILE
0 FILE t04o1111.dat
0 Torus Outside 1 x 0.1111 x 0.25
0 Name:  t04o1111.dat
0 Author:  Andy Westrate [westrate]
4 -1 1.000 0.111 0.000 0.924 0.111 0.383 0.963 0.103 0.399 1.043 0.103 0.000
4 -1 1.043 0.103 0.000 0.963 0.103 0.399 0.997 0.079 0.413 1.079 0.079 0.000
4 -1 1.079 0.079 0.000 0.997 0.079 0.413 1.019 0.043 0.422 1.103 0.043 0.000
4 -1 1.103 0.043 0.000 1.019 0.043 0.422 1.027 0.000 0.425 1.111 0.000 0.000
4 -1 0.924 0.111 0.383 0.707 0.111 0.707 0.737 0.103 0.737 0.963 0.103 0.399
4 -1 0.963 0.103 0.399 0.737 0.103 0.737 0.763 0.079 0.763 0.997 0.079 0.413
4 -1 0.997 0.079 0.413 0.763 0.079 0.763 0.780 0.043 0.780 1.019 0.043 0.422
4 -1 1.019 0.043 0.422 0.780 0.043 0.780 0.786 0.000 0.786 1.027 0.000 0.425
4 -1 0.707 0.111 0.707 0.383 0.111 0.924 0.399 0.103 0.963 0.737 0.103 0.737
4 -1 0.737 0.103 0.737 0.399 0.103 0.963 0.413 0.079 0.997 0.763 0.079 0.763
4 -1 0.763 0.079 0.763 0.413 0.079 0.997 0.422 0.043 1.019 0.780 0.043 0.780
4 -1 0.780 0.043 0.780 0.422 0.043 1.019 0.425 0.000 1.027 0.786 0.000 0.786
4 -1 0.383 0.111 0.924 0.000 0.111 1.000 0.000 0.103 1.043 0.399 0.103 0.963
4 -1 0.399 0.103 0.963 0.000 0.103 1.043 0.000 0.079 1.079 0.413 0.079 0.997
4 -1 0.413 0.079 0.997 0.000 0.079 1.079 0.000 0.043 1.103 0.422 0.043 1.019
4 -1 0.422 0.043 1.019 0.000 0.043 1.103 0.000 0.000 1.111 0.425 0.000 1.027
5 -2 1.000 0.111 0.000 0.924 0.111 0.383
5 -2 1.000 0.111 0.000 1.043 0.103 0.000
5 -2 1.043 0.103 0.000 0.963 0.103 0.399
5 -2 1.043 0.103 0.000 1.079 0.079 0.000
5 -2 1.079 0.079 0.000 0.997 0.079 0.413
5 -2 1.079 0.079 0.000 1.103 0.043 0.000
5 -2 1.103 0.043 0.000 1.019 0.043 0.422
5 -2 1.103 0.043 0.000 1.111 0.000 0.000
5 -2 1.111 0.000 0.000 1.027 0.000 0.425
5 -2 0.924 0.111 0.383 0.707 0.111 0.707
5 -2 0.924 0.111 0.383 0.963 0.103 0.399
5 -2 0.963 0.103 0.399 0.737 0.103 0.737
5 -2 0.963 0.103 0.399 0.997 0.079 0.413
5 -2 0.997 0.079 0.413 0.763 0.079 0.763
5 -2 0.997 0.079 0.413 1.019 0.043 0.422
5 -2 1.019 0.043 0.422 0.780 0.043 0.780
5 -2 1.019 0.043 0.422 1.027 0.000 0.425
5 -2 1.027 0.000 0.425 0.786 0.000 0.786
5 -2 0.707 0.111 0.707 0.383 0.111 0.924
5 -2 0.707 0.111 0.707 0.737 0.103 0.737
5 -2 0.737 0.103 0.737 0.399 0.103 0.963
5 -2 0.737 0.103 0.737 0.763 0.079 0.763
5 -2 0.763 0.079 0.763 0.413 0.079 0.997
5 -2 0.763 0.079 0.763 0.780 0.043 0.780
5 -2 0.780 0.043 0.780 0.422 0.043 1.019
5 -2 0.780 0.043 0.780 0.786 0.000 0.786
5 -2 0.786 0.000 0.786 0.425 0.000 1.027
5 -2 0.383 0.111 0.924 0.000 0.111 1.000
5 -2 0.383 0.111 0.924 0.399 0.103 0.963
5 -2 0.399 0.103 0.963 0.000 0.103 1.043
5 -2 0.399 0.103 0.963 0.413 0.079 0.997
5 -2 0.413 0.079 0.997 0.000 0.079 1.079
5 -2 0.413 0.079 0.997 0.422 0.043 1.019
5 -2 0.422 0.043 1.019 0.000 0.043 1.103
5 -2 0.422 0.043 1.019 0.425 0.000 1.027
5 -2 0.425 0.000 1.027 0.000 0.000 1.111
5 -2 0.000 0.111 1.000 0.000 0.103 1.043
5 -2 0.000 0.103 1.043 0.000 0.079 1.079
5 -2 0.000 0.079 1.079 0.000 0.043 1.103
5 -2 0.000 0.043 1.103 0.000 0.000 1.111
0 NOFILE